Start Date,Start Time,End Date,End Time,Location,_link,_trackId,_titleCheck,_eventDescription,_speakers,Description,Subject
14/06/18,10:20 AM,14/06/18,11:00 AM,Atlanbois,https://web2day.co/evenements/1-an-5-clients-12-bots-1-framework-cest-lheure-du-bilan/,278,"1 an, 5 clients, 12 bots, 1 framework : câ€™est lâ€™heure du bilan !",,"Tanguy DE LIGNIÃˆRES, Technical Architect @Accenture
Yohann PERRAUD, Lead Developer @Accenture
","1 an, 5 clients, 12 bots, 1 framework : câ€™est lâ€™heure du bilan !

													
Tanguy DE LIGNIÃˆRES, Technical Architect @Accenture
Yohann PERRAUD, Lead Developer @Accenture


ğŸŒ³=Atlanbois
ğŸ’»=Tech","ğŸŒ³Â·ğŸ’»Â·1 an, 5 clients, 12 bots, 1 framework : câ€™est lâ€™heure du bilan !"
13/06/18,3:30 PM,13/06/18,5:10 PM,Trempolino,https://web2day.co/evenements/2068-soyez-realiste-creez-limpossible/,279,"2068: Soyez rÃ©aliste, crÃ©ez lâ€™impossible",,"Ellen Poirot, Agile Coach @Capgemini
Alexandre RYCKMAN, Responsable Solution Smart City @Capgemini
Maxime BOENNEC, Innovation Lead @Capgemini
","2068: Soyez rÃ©aliste, crÃ©ez lâ€™impossible

													
Ellen Poirot, Agile Coach @Capgemini
Alexandre RYCKMAN, Responsable Solution Smart City @Capgemini
Maxime BOENNEC, Innovation Lead @Capgemini


ğŸšŒ=Trempolino
ğŸ’¼=Corporate","ğŸšŒÂ·ğŸ’¼Â·2068: Soyez rÃ©aliste, crÃ©ez lâ€™impossible"
13/06/18,2:00 PM,13/06/18,2:40 PM,"Mediacampus, Forum",https://web2day.co/evenements/3000e-pour-attaquer-la-coupe-du-monde/,277,3000â‚¬ pour attaquer la coupe du monde,,"Victor LERAT, Co-founder & SEO consultant  @KHOSI
","3000â‚¬ pour attaquer la coupe du monde

													
Victor LERAT, Co-founder & SEO consultant  @KHOSI


ğŸ“=Mediacampus, Forum
ğŸ’µ=Market, com & media",ğŸ“Â·ğŸ’µÂ·3000â‚¬ pour attaquer la coupe du monde
13/06/18,6:10 PM,13/06/18,7:00 PM,Trempolino,https://web2day.co/evenements/a-la-conquete-des-confins-vertueux-et-lumineux-du-cyber-espace-et-de-la-noosphere/,280,A la conquÃªte des confins vertueux et lumineux du cyber espace et de la nÃ¸Ã¸sphÃ¨re.,,"Yann MINH, Designer 3D @Noo Architect
","A la conquÃªte des confins vertueux et lumineux du cyber espace et de la nÃ¸Ã¸sphÃ¨re.

													
Yann MINH, Designer 3D @Noo Architect


ğŸšŒ=Trempolino
ğŸ‘=Society & FTW",ğŸšŒÂ·ğŸ‘Â·A la conquÃªte des confins vertueux et lumineux du cyber espace et de la nÃ¸Ã¸sphÃ¨re.
15/06/18,2:40 PM,15/06/18,3:10 PM,Trempolino,https://web2day.co/evenements/a-recherche-de-strategie-digitale/,277,Ã€ la recherche de la StratÃ©gie Digitale,,"JÃ©rÃ©my CORMAN, Co-founder @CafÃ© numÃ©rique
","Ã€ la recherche de la StratÃ©gie Digitale

													
JÃ©rÃ©my CORMAN, Co-founder @CafÃ© numÃ©rique


ğŸšŒ=Trempolino
ğŸ’µ=Market, com & media",ğŸšŒÂ·ğŸ’µÂ·Ã€ la recherche de la StratÃ©gie Digitale
04/06/18,12:10 PM,04/06/18,12:30 PM,Atlanbois,https://web2day.co/evenements/accelerer-la-croissance-de-votre-startup-avec-le-cloud-aws/,276,AccÃ©lÃ©rer la croissance de votre Startup avec le Cloud AWS,,,"AccÃ©lÃ©rer la croissance de votre Startup avec le Cloud AWS

													


ğŸŒ³=Atlanbois
ğŸš€=Startup & entrepreneurship",ğŸŒ³Â·ğŸš€Â·AccÃ©lÃ©rer la croissance de votre Startup avec le Cloud AWS
13/06/18,10:50 AM,13/06/18,12:00 PM,"Mediacampus, Forum",https://web2day.co/evenements/actions-societales-via-les-facebook-groups-comment-se-reinventent-les-reseau-sociaux/,280,"Actions sociÃ©tales via les Facebook Groups , comment se rÃ©inventent les rÃ©seaux sociaux",,"Zeynep ARAPOGLU, Co Founder @Bisikletli Kadin Inisiyatifi
Christian DELACHET, co-founder / CEO @Wanted Community
Antoine TRESSE, GÃ©rant / gestion partenariats  @Act2 / Run Eco Team
","Actions sociÃ©tales via les Facebook Groups , comment se rÃ©inventent les rÃ©seaux sociaux

													
Zeynep ARAPOGLU, Co Founder @Bisikletli Kadin Inisiyatifi
Christian DELACHET, co-founder / CEO @Wanted Community
Antoine TRESSE, GÃ©rant / gestion partenariats  @Act2 / Run Eco Team


ğŸ“=Mediacampus, Forum
ğŸ‘=Society & FTW","ğŸ“Â·ğŸ‘Â·Actions sociÃ©tales via les Facebook Groups , comment se rÃ©inventent les rÃ©seaux sociaux"
14/06/18,11:15 AM,14/06/18,11:40 AM,"Maxi, Stereolux",https://web2day.co/evenements/adventures-in-kitty-herding/,276,Adventures in Kitty Herding,,"Mack FLAVELLE, Fat Cat @CryptoKitties
","Adventures in Kitty Herding

													
Mack FLAVELLE, Fat Cat @CryptoKitties


â†”ï¸=Maxi, Stereolux
ğŸš€=Startup & entrepreneurship",â†”ï¸Â·ğŸš€Â·Adventures in Kitty Herding
15/06/18,9:10 AM,15/06/18,9:50 AM,"Micro, Stereolux",https://web2day.co/evenements/agile-methods-are-dangerous/,278,Agile Methods are Dangerous,,"Julian HOLMES, Principal Consultant @ThoughtWorks
","Agile Methods are Dangerous

													
Julian HOLMES, Principal Consultant @ThoughtWorks


ğŸ”¬=Micro, Stereolux
ğŸ’»=Tech",ğŸ”¬Â·ğŸ’»Â·Agile Methods are Dangerous
14/04/18,11:00 AM,14/04/18,11:30 AM,Trempolino,https://web2day.co/evenements/air-indemnite-founder-story/,276,Air IndemnitÃ© : Founder story,,"JÃ©rÃ´me GRATELLE, CEO/Founder @Air-Indemnite
","Air IndemnitÃ© : Founder story

													
JÃ©rÃ´me GRATELLE, CEO/Founder @Air-Indemnite


ğŸšŒ=Trempolino
ğŸš€=Startup & entrepreneurship",ğŸšŒÂ·ğŸš€Â·Air IndemnitÃ© : Founder story
13/06/18,3:40 PM,13/06/18,4:20 PM,"Micro, Stereolux",https://web2day.co/evenements/alice-au-pays-des-micro-services/,278,Alice au pays des micro-services,,"Willy MALVAULT, Developer @Solocal / Sogilis
Julien GIOVARESCO, Software developper @Solocal
","Alice au pays des micro-services

													
Willy MALVAULT, Developer @Solocal / Sogilis
Julien GIOVARESCO, Software developper @Solocal


ğŸ”¬=Micro, Stereolux
ğŸ’»=Tech",ğŸ”¬Â·ğŸ’»Â·Alice au pays des micro-services
15/06/18,10:20 AM,15/06/18,11:00 AM,Chapitalk,https://web2day.co/evenements/analysing-costs-benefits-of-public-blockchains/,278,Analysing Costs & Benefits of Public Blockchains,,"Colin PLATT, Director @Platt Advisors
","Analysing Costs & Benefits of Public Blockchains

													
Colin PLATT, Director @Platt Advisors


ğŸª=Chapitalk
ğŸ’»=Tech",ğŸªÂ·ğŸ’»Â·Analysing Costs & Benefits of Public Blockchains
15/06/18,5:10 PM,15/06/18,5:30 PM,Chapitalk,https://web2day.co/evenements/annonce-des-gagnants-global-challenge/,276,Annonce des gagnants Global Challenge,,"Adrien POGGETTI, CEO @La Cantine Nantes
Axelle LEMAIRE, Partner, Global Head of Terra Numerata @Roland Berger
Izanami MARTINEZ, Founder & CEO @The Notox Life
Jean-David CHAMBOREDON, CEO @ISAI
Matt ELLSWORTH, Partner @500 Startups
Mircea VADAN, Managing Partner @Cluj Startups/Activize
","Annonce des gagnants Global Challenge

													
Adrien POGGETTI, CEO @La Cantine Nantes
Axelle LEMAIRE, Partner, Global Head of Terra Numerata @Roland Berger
Izanami MARTINEZ, Founder & CEO @The Notox Life
Jean-David CHAMBOREDON, CEO @ISAI
Matt ELLSWORTH, Partner @500 Startups
Mircea VADAN, Managing Partner @Cluj Startups/Activize


ğŸª=Chapitalk
ğŸš€=Startup & entrepreneurship",ğŸªÂ·ğŸš€Â·Annonce des gagnants Global Challenge
13/06/18,10:30 AM,13/06/18,10:50 AM,"Micro, Stereolux",https://web2day.co/evenements/another-world-another-web/,278,"Another World, Another Web",,"Damien LECAN, CTO @Space Elephant
Guillaume NICOLAS, Co-founder & dev blockchain @Space Elephant
","Another World, Another Web

													
Damien LECAN, CTO @Space Elephant
Guillaume NICOLAS, Co-founder & dev blockchain @Space Elephant


ğŸ”¬=Micro, Stereolux
ğŸ’»=Tech","ğŸ”¬Â·ğŸ’»Â·Another World, Another Web"
15/06/18,9:40 AM,15/06/18,10:20 AM,Chapitalk,https://web2day.co/evenements/apache-kafka-at-scale/,278,Apache Kafka at scale,,"Flavian HAUTBOIS, Data Scientist @Sicara
","Apache Kafka at scale

													
Flavian HAUTBOIS, Data Scientist @Sicara


ğŸª=Chapitalk
ğŸ’»=Tech",ğŸªÂ·ğŸ’»Â·Apache Kafka at scale
14/06/18,11:05 AM,14/06/18,11:45 AM,"Micro, Stereolux",https://web2day.co/evenements/apprendre-a-coder-a-5-ans-ou-a-50-ans-quelles-differences/,280,"Ni trop tÃ´t, ni trop tard : le code nâ€™a pas dâ€™Ã¢ge !",,"AmÃ©lia MATAR, Founder @COLORI
AurÃ©lie JEAN, Computational Scientist and Business owner  @MixR / In Silico Veritas
","Ni trop tÃ´t, ni trop tard : le code nâ€™a pas dâ€™Ã¢ge !

													
AmÃ©lia MATAR, Founder @COLORI
AurÃ©lie JEAN, Computational Scientist and Business owner  @MixR / In Silico Veritas


ğŸ”¬=Micro, Stereolux
ğŸ‘=Society & FTW","ğŸ”¬Â·ğŸ‘Â·Ni trop tÃ´t, ni trop tard : le code nâ€™a pas dâ€™Ã¢ge !"
13/06/18,2:00 PM,13/06/18,2:30 PM,Chapitalk,https://web2day.co/evenements/armageddon-guide-de-survie-numerique/,280,Armageddon : Guide de survie numÃ©rique,,"GaÃ«l MUSQUET, Founder @CxLinks
","Armageddon : Guide de survie numÃ©rique

													
GaÃ«l MUSQUET, Founder @CxLinks


ğŸª=Chapitalk
ğŸ‘=Society & FTW",ğŸªÂ·ğŸ‘Â·Armageddon : Guide de survie numÃ©rique
15/06/18,3:50 PM,15/06/18,4:30 PM,Trempolino,https://web2day.co/evenements/arts-numerique-et-musiques-nouvelles/,278,"Arts, numÃ©rique et musiques nouvelles",,"Romain PAPION, Technology Coordinator @APO 33
","Arts, numÃ©rique et musiques nouvelles

													
Romain PAPION, Technology Coordinator @APO 33


ğŸšŒ=Trempolino
ğŸ’»=Tech","ğŸšŒÂ·ğŸ’»Â·Arts, numÃ©rique et musiques nouvelles"
15/06/18,10:50 AM,15/06/18,11:30 AM,Atlanbois,https://web2day.co/evenements/automated-testing-in-a-startup-is-it-worth-the-hassle/,276,Automated testing in a startup. Is it worth the hassle?,,"Samuel ROZÃ‰, Tech Lead in Residence @Kamet
","Automated testing in a startup. Is it worth the hassle?

													
Samuel ROZÃ‰, Tech Lead in Residence @Kamet


ğŸŒ³=Atlanbois
ğŸš€=Startup & entrepreneurship",ğŸŒ³Â·ğŸš€Â·Automated testing in a startup. Is it worth the hassle?
14/06/18,9:30 AM,14/06/18,10:10 AM,"Mediacampus, Forum",https://web2day.co/evenements/automatisation-dune-strategie-seo-pour-les-noobs-devenez-le-chef-dorchestre/,277,Automatisation dâ€™une stratÃ©gie SEO pour les noobs : devenez le chef dâ€™orchestre,,"Vincent TERRASI, Head of Data @OVH
RÃ©mi BACHA, Data Scientist SEO @OVH
","Automatisation dâ€™une stratÃ©gie SEO pour les noobs : devenez le chef dâ€™orchestre

													
Vincent TERRASI, Head of Data @OVH
RÃ©mi BACHA, Data Scientist SEO @OVH


ğŸ“=Mediacampus, Forum
ğŸ’µ=Market, com & media",ğŸ“Â·ğŸ’µÂ·Automatisation dâ€™une stratÃ©gie SEO pour les noobs : devenez le chef dâ€™orchestre
15/06/18,3:10 PM,15/06/18,3:50 PM,Trempolino,https://web2day.co/evenements/be-a-network-king/,279,Be a Network King,,"Fabian VERVIER, Owner @Uptalent
","Be a Network King

													
Fabian VERVIER, Owner @Uptalent


ğŸšŒ=Trempolino
ğŸ’¼=Corporate",ğŸšŒÂ·ğŸ’¼Â·Be a Network King
15/06/18,2:40 PM,15/06/18,3:20 PM,"Mediacampus, Forum",https://web2day.co/evenements/biononymous-bioprivacy/,280,Biononymous & bioprivacy,,"Xavier COADIC, Co Founder @le Biome HackLab
","Biononymous & bioprivacy

													
Xavier COADIC, Co Founder @le Biome HackLab


ğŸ“=Mediacampus, Forum
ğŸ‘=Society & FTW",ğŸ“Â·ğŸ‘Â·Biononymous & bioprivacy
14/06/18,2:00 PM,14/06/18,3:00 PM,Trempolino,https://web2day.co/evenements/blockchain-et-propriete-intellectuelle-chronique-dune-revolution-annoncee-ou-pas/,276,Blockchain et propriÃ©tÃ© intellectuelle : chronique dâ€™une revolution annoncÃ©eâ€¦ ou pas,,"Fabrice VIÃ‰, Deputy Regional Delegate @INPI
Laurence JOLY, Director Observatory of Intellectual Property @INPI
","Blockchain et propriÃ©tÃ© intellectuelle : chronique dâ€™une revolution annoncÃ©eâ€¦ ou pas

													
Fabrice VIÃ‰, Deputy Regional Delegate @INPI
Laurence JOLY, Director Observatory of Intellectual Property @INPI


ğŸšŒ=Trempolino
ğŸš€=Startup & entrepreneurship",ğŸšŒÂ·ğŸš€Â·Blockchain et propriÃ©tÃ© intellectuelle : chronique dâ€™une revolution annoncÃ©eâ€¦ ou pas
15/06/18,4:00 PM,15/06/18,4:40 PM,Chapitalk,https://web2day.co/evenements/bringing-the-european-venture-industry-to-the-next-level/,276,Bringing the European Venture Industry to the next level,,"Marie EKELAND, Co-founder & Partner @Daphni 
","Bringing the European Venture Industry to the next level

													
Marie EKELAND, Co-founder & Partner @Daphni 


ğŸª=Chapitalk
ğŸš€=Startup & entrepreneurship",ğŸªÂ·ğŸš€Â·Bringing the European Venture Industry to the next level
13/06/18,3:30 PM,13/06/18,4:00 PM,Chapitalk,https://web2day.co/evenements/building-a-borderless-world-through-jobs/,280,Building a borderless world through jobs,,"Karoli HINDRIKS, Founder & CEO @Jobbatical
","Building a borderless world through jobs

													
Karoli HINDRIKS, Founder & CEO @Jobbatical


ğŸª=Chapitalk
ğŸ‘=Society & FTW",ğŸªÂ·ğŸ‘Â·Building a borderless world through jobs
13/06/18,4:50 PM,13/06/18,5:20 PM,"Maxi, Stereolux",https://web2day.co/evenements/building-a-brand-your-users-will-love/,276,Building a Brand your Users will Love,,"Liam BOOGAR, Head of Brand Strategy @MadKudu
","Building a Brand your Users will Love

													
Liam BOOGAR, Head of Brand Strategy @MadKudu


â†”ï¸=Maxi, Stereolux
ğŸš€=Startup & entrepreneurship",â†”ï¸Â·ğŸš€Â·Building a Brand your Users will Love
13/06/18,5:00 PM,13/06/18,5:40 PM,Atlanbois,https://web2day.co/evenements/building-and-shipping-machine-learning-products/,278,Building and shipping machine learning products,,"Mikkel JENSEN, Machine Learning Engineer @MakeWise
","Building and shipping machine learning products

													
Mikkel JENSEN, Machine Learning Engineer @MakeWise


ğŸŒ³=Atlanbois
ğŸ’»=Tech",ğŸŒ³Â·ğŸ’»Â·Building and shipping machine learning products
14/06/18,9:00 AM,14/06/18,9:40 AM,Chapitalk,https://web2day.co/evenements/cessons-les-estimations/,278,Cessons les estimations !,,"FrÃ©dÃ©ric	LEGUEDOIS, Agile Evangelist @Cloud Temple
","Cessons les estimations !

													
FrÃ©dÃ©ric	LEGUEDOIS, Agile Evangelist @Cloud Temple


ğŸª=Chapitalk
ğŸ’»=Tech",ğŸªÂ·ğŸ’»Â·Cessons les estimations !
15/06/18,9:50 AM,15/06/18,10:30 AM,"Micro, Stereolux",https://web2day.co/evenements/choisir-entre-une-api-rpc-soap-rest-graphql-et-si-le-probleme-etait-ailleurs/,278,"Choisir entre une API RPC, SOAP, REST, GraphQL? Et si le problÃ¨me Ã©tait ailleurs ?",,"Francois-Guillaume RIBREAU, Architect / CTO @Ouest-France / Redsmin 
","Choisir entre une API RPC, SOAP, REST, GraphQL? Et si le problÃ¨me Ã©tait ailleurs ?

													
Francois-Guillaume RIBREAU, Architect / CTO @Ouest-France / Redsmin 


ğŸ”¬=Micro, Stereolux
ğŸ’»=Tech","ğŸ”¬Â·ğŸ’»Â·Choisir entre une API RPC, SOAP, REST, GraphQL? Et si le problÃ¨me Ã©tait ailleurs ?"
15/06/18,5:30 PM,15/06/18,6:00 PM,Chapitalk,https://web2day.co/evenements/cloture-du-festival-avec-grand-yellow/,280,ClÃ´ture du festival avec GRAND YELLOW,,,"ClÃ´ture du festival avec GRAND YELLOW

													


ğŸª=Chapitalk
ğŸ‘=Society & FTW",ğŸªÂ·ğŸ‘Â·ClÃ´ture du festival avec GRAND YELLOW
13/06/18,10:55 AM,13/06/18,11:50 AM,Trempolino,https://web2day.co/evenements/comment-ameliorer-ses-performances-web-grace-a-lanalyse-de-donnees/,277,Comment amÃ©liorer ses performances web grÃ¢ce Ã  lâ€™analyse de donnÃ©es ?,,"Selim CHEBLAL, Google Digital Workshops Coach @Google
","Comment amÃ©liorer ses performances web grÃ¢ce Ã  lâ€™analyse de donnÃ©es ?

													
Selim CHEBLAL, Google Digital Workshops Coach @Google


ğŸšŒ=Trempolino
ğŸ’µ=Market, com & media",ğŸšŒÂ·ğŸ’µÂ·Comment amÃ©liorer ses performances web grÃ¢ce Ã  lâ€™analyse de donnÃ©es ?
13/06/18,12:00 PM,13/06/18,12:30 PM,"Mediacampus, Forum",https://web2day.co/evenements/comment-booster-votre-business-avec-un-chatbot/,277,Chatbots : lâ€™avenir de votre relation client ?,,"Thomas SABATIER, CEO @The Chatbot Factory
","Chatbots : lâ€™avenir de votre relation client ?

													
Thomas SABATIER, CEO @The Chatbot Factory


ğŸ“=Mediacampus, Forum
ğŸ’µ=Market, com & media",ğŸ“Â·ğŸ’µÂ·Chatbots : lâ€™avenir de votre relation client ?
15/06/18,11:50 AM,15/06/18,12:30 PM,Atlanbois,https://web2day.co/evenements/comment-devenir-sales-ninja/,276,Vendre : câ€™est pas sorcier. Comment devenir Â«Â Sales NinjaÂ Â».,,"Annabelle ROBERTS, Founder @Present Perfect
","Vendre : câ€™est pas sorcier. Comment devenir Â«Â Sales NinjaÂ Â».

													
Annabelle ROBERTS, Founder @Present Perfect


ğŸŒ³=Atlanbois
ğŸš€=Startup & entrepreneurship",ğŸŒ³Â·ğŸš€Â·Vendre : câ€™est pas sorcier. Comment devenir Â«Â Sales NinjaÂ Â».
15/06/18,2:40 PM,15/06/18,3:20 PM,"Micro, Stereolux",https://web2day.co/evenements/comment-doper-efficacement-sa-cybersecurite-au-renseignement/,278,Comment doper efficacement sa cybersÃ©curitÃ© au renseignement ?,,"Julien STEUNOU, Lead SOC @Provadys
","Comment doper efficacement sa cybersÃ©curitÃ© au renseignement ?

													
Julien STEUNOU, Lead SOC @Provadys


ğŸ”¬=Micro, Stereolux
ğŸ’»=Tech",ğŸ”¬Â·ğŸ’»Â·Comment doper efficacement sa cybersÃ©curitÃ© au renseignement ?
13/06/18,11:10 AM,13/06/18,11:40 AM,Atlanbois,https://web2day.co/evenements/comment-etre-digital-evangeliste-dans-un-pays-en-voie-de-developpement/,276,Comment Ãªtre digital Ã©vangÃ©liste dans un pays en voie de dÃ©veloppement,,"Kriss BROCHEC, Founder @Africa Digital Academy
","Comment Ãªtre digital Ã©vangÃ©liste dans un pays en voie de dÃ©veloppement

													
Kriss BROCHEC, Founder @Africa Digital Academy


ğŸŒ³=Atlanbois
ğŸš€=Startup & entrepreneurship",ğŸŒ³Â·ğŸš€Â·Comment Ãªtre digital Ã©vangÃ©liste dans un pays en voie de dÃ©veloppement
15/06/18,11:40 AM,15/06/18,12:00 PM,Chapitalk,https://web2day.co/evenements/comment-github-utilise-github-pour-construire-github/,278,Comment GitHub utilise GitHub pour construireâ€¦ Github,,"Bassem ASSEH, Regional director, Southern Europe, DACH, MENA @GitHub
","Comment GitHub utilise GitHub pour construireâ€¦ Github

													
Bassem ASSEH, Regional director, Southern Europe, DACH, MENA @GitHub


ğŸª=Chapitalk
ğŸ’»=Tech",ğŸªÂ·ğŸ’»Â·Comment GitHub utilise GitHub pour construireâ€¦ Github
14/06/18,6:30 PM,14/06/18,7:00 PM,Chapitalk,https://web2day.co/evenements/comment-je-suis-devenu-vegetarien-grace-aux-gafa/,280,Comment je suis devenu vÃ©gÃ©tarien grÃ¢ce aux GAFA,,"Leny BERNARD, Co-fondateur / Leader @Troopers
","Comment je suis devenu vÃ©gÃ©tarien grÃ¢ce aux GAFA

													
Leny BERNARD, Co-fondateur / Leader @Troopers


ğŸª=Chapitalk
ğŸ‘=Society & FTW",ğŸªÂ·ğŸ‘Â·Comment je suis devenu vÃ©gÃ©tarien grÃ¢ce aux GAFA
14/06/18,9:45 AM,14/06/18,10:45 AM,"Micro, Stereolux",https://web2day.co/evenements/comment-le-numerique-peut-et-doit-etre-un-facteur-dinclusion-professionnelle-tout-en-repondant-aux-nouveaux-enjeux-de-recrutement-workforce-des-entreprises/,280,"Comment le numÃ©rique peut et doit Ãªtre un facteur dâ€™inclusion professionnelle, tout en rÃ©pondant aux nouveaux enjeux de recrutement/workforce des entreprises.",,"Angelina LAMY,  General Delegate Foundation @Accenture
Jean-Christophe ARNAUNE, Director @Acces, Inclusive Tech
Elodie SALIN,  Director Training, Engineering & Partnerships @Simplon 
","Comment le numÃ©rique peut et doit Ãªtre un facteur dâ€™inclusion professionnelle, tout en rÃ©pondant aux nouveaux enjeux de recrutement/workforce des entreprises.

													
Angelina LAMY,  General Delegate Foundation @Accenture
Jean-Christophe ARNAUNE, Director @Acces, Inclusive Tech
Elodie SALIN,  Director Training, Engineering & Partnerships @Simplon 


ğŸ”¬=Micro, Stereolux
ğŸ‘=Society & FTW","ğŸ”¬Â·ğŸ‘Â·Comment le numÃ©rique peut et doit Ãªtre un facteur dâ€™inclusion professionnelle, tout en rÃ©pondant aux nouveaux enjeux de recrutement/workforce des entreprises."
14/06/18,4:00 PM,14/06/18,4:30 PM,"Maxi, Stereolux",https://web2day.co/evenements/comment-lia-va-augmenter-lhomme/,280,Comment lâ€™IA va augmenter lâ€™homme,,"William ELDIN, CEO @XXII
","Comment lâ€™IA va augmenter lâ€™homme

													
William ELDIN, CEO @XXII


â†”ï¸=Maxi, Stereolux
ğŸ‘=Society & FTW",â†”ï¸Â·ğŸ‘Â·Comment lâ€™IA va augmenter lâ€™homme
13/06/18,3:00 PM,13/06/18,3:40 PM,"Micro, Stereolux",https://web2day.co/evenements/comment-ma-tesla-a-rencontre-un-arbre/,278,Comment ma Tesla a rencontrÃ© un arbreâ€¦,,"Guillaume RENAUDIN, Architect digital @Bewizyu
","Comment ma Tesla a rencontrÃ© un arbreâ€¦

													
Guillaume RENAUDIN, Architect digital @Bewizyu


ğŸ”¬=Micro, Stereolux
ğŸ’»=Tech",ğŸ”¬Â·ğŸ’»Â·Comment ma Tesla a rencontrÃ© un arbreâ€¦
13/06/18,3:00 PM,13/06/18,3:40 PM,Atlanbois,https://web2day.co/evenements/comment-publier-une-application-mobile-en-un-clic-notre-experience-de-lintegration-continue-sur-mobile/,278,Comment publier une application mobile en un clic ? Notre expÃ©rience de lâ€™intÃ©gration continue sur mobile,,"Claire DUFETRELLE, Head of Product Management @FABERNOVEL TECHNOLOGIES
","Comment publier une application mobile en un clic ? Notre expÃ©rience de lâ€™intÃ©gration continue sur mobile

													
Claire DUFETRELLE, Head of Product Management @FABERNOVEL TECHNOLOGIES


ğŸŒ³=Atlanbois
ğŸ’»=Tech",ğŸŒ³Â·ğŸ’»Â·Comment publier une application mobile en un clic ? Notre expÃ©rience de lâ€™intÃ©gration continue sur mobile
14/06/18,9:40 AM,14/06/18,10:20 AM,Chapitalk,https://web2day.co/evenements/communautes-et-engagement/,278,"Lâ€™animation de communautÃ©s de pratique, vecteur dâ€™apprentissage & dâ€™engagement des Ã©quipes",,"Guillaume GRILLAT, Tech Community Ambassador @Deezer
Damien CAVAILLÃˆS, Founder @WeLoveDevs.com
","Lâ€™animation de communautÃ©s de pratique, vecteur dâ€™apprentissage & dâ€™engagement des Ã©quipes

													
Guillaume GRILLAT, Tech Community Ambassador @Deezer
Damien CAVAILLÃˆS, Founder @WeLoveDevs.com


ğŸª=Chapitalk
ğŸ’»=Tech","ğŸªÂ·ğŸ’»Â·Lâ€™animation de communautÃ©s de pratique, vecteur dâ€™apprentissage & dâ€™engagement des Ã©quipes"
15/06/18,3:20 PM,15/06/18,4:00 PM,Atlanbois,https://web2day.co/evenements/concevoir-une-experience-conversationnelle-2/,332,Concevoir une expÃ©rience conversationnelle,,"Amina ESSELIMANI, Lead UX designer  @Freelance
","Concevoir une expÃ©rience conversationnelle

													
Amina ESSELIMANI, Lead UX designer  @Freelance


ğŸŒ³=Atlanbois
ğŸ–Œ=Design",ğŸŒ³Â·ğŸ–ŒÂ·Concevoir une expÃ©rience conversationnelle
14/06/18,11:00 AM,14/06/18,11:20 AM,Atlanbois,https://web2day.co/evenements/create-a-rust-cli-tool-in-a-flash/,278,Create a Rust CLI tool in a flash,,"ClÃ©ment DELAFARGUE, Developer @FretLink
","Create a Rust CLI tool in a flash

													
ClÃ©ment DELAFARGUE, Developer @FretLink


ğŸŒ³=Atlanbois
ğŸ’»=Tech",ğŸŒ³Â·ğŸ’»Â·Create a Rust CLI tool in a flash
15/06/18,3:20 PM,15/06/18,4:00 PM,Chapitalk,https://web2day.co/evenements/creating-robots-from-fantasy-to-market-centric-approaches/,276,Creating robots: from fantasy to market-centric approaches,,"Nicolas RIGAUD, C.P.O. @Hease Robotics
","Creating robots: from fantasy to market-centric approaches

													
Nicolas RIGAUD, C.P.O. @Hease Robotics


ğŸª=Chapitalk
ğŸš€=Startup & entrepreneurship",ğŸªÂ·ğŸš€Â·Creating robots: from fantasy to market-centric approaches
15/06/18,10:15 AM,15/06/18,11:00 AM,Trempolino,https://web2day.co/evenements/creative-hacking-une-nouvelle-approche-de-la-fabrique-des-villes/,280,Creative Hacking : une nouvelle approche de la fabrique des villes,,"StÃ©phanie GOURDON, Director of Innovation Projects @JCDecaux
Erik SOULARD, Creative Hacker @JCDecaux
","Creative Hacking : une nouvelle approche de la fabrique des villes

													
StÃ©phanie GOURDON, Director of Innovation Projects @JCDecaux
Erik SOULARD, Creative Hacker @JCDecaux


ğŸšŒ=Trempolino
ğŸ‘=Society & FTW",ğŸšŒÂ·ğŸ‘Â·Creative Hacking : une nouvelle approche de la fabrique des villes
14/06/18,9:00 AM,14/06/18,9:25 AM,"Micro, Stereolux",https://web2day.co/evenements/crises-de-croissance/,276,Crise(s) de croissance,,"FrÃ©dÃ©ric de GOMBERT, CEO @Akeneo
","Crise(s) de croissance

													
FrÃ©dÃ©ric de GOMBERT, CEO @Akeneo


ğŸ”¬=Micro, Stereolux
ğŸš€=Startup & entrepreneurship",ğŸ”¬Â·ğŸš€Â·Crise(s) de croissance
14/06/18,6:10 PM,14/06/18,7:00 PM,"Mediacampus, Forum",https://web2day.co/evenements/cybersecurite-geopolitique-bugbounty/,279,"CybersÃ©curitÃ©, GÃ©opolitique, BugBounty",,"Fabrice EPELBOIN, cofounder @Yogosha
","CybersÃ©curitÃ©, GÃ©opolitique, BugBounty

													
Fabrice EPELBOIN, cofounder @Yogosha


ğŸ“=Mediacampus, Forum
ğŸ’¼=Corporate","ğŸ“Â·ğŸ’¼Â·CybersÃ©curitÃ©, GÃ©opolitique, BugBounty"
14/06/18,9:25 AM,14/06/18,9:45 AM,"Micro, Stereolux",https://web2day.co/evenements/de-1-a-50m-en-3-ans/,276,De 0 Ã  1 Milliard de valorisation,,"Stan MASSUERAS, European Sales Director @Intercom
","De 0 Ã  1 Milliard de valorisation

													
Stan MASSUERAS, European Sales Director @Intercom


ğŸ”¬=Micro, Stereolux
ğŸš€=Startup & entrepreneurship",ğŸ”¬Â·ğŸš€Â·De 0 Ã  1 Milliard de valorisation
13/06/18,6:30 PM,13/06/18,7:00 PM,Atlanbois,https://web2day.co/evenements/de-lidee-a-la-production-dun-produit-electronique/,278,De lâ€™idÃ©e Ã  la production dâ€™un produit Ã©lectronique,,"Thomas LAURENSON, Associate director @Naonext
","De lâ€™idÃ©e Ã  la production dâ€™un produit Ã©lectronique

													
Thomas LAURENSON, Associate director @Naonext


ğŸŒ³=Atlanbois
ğŸ’»=Tech",ğŸŒ³Â·ğŸ’»Â·De lâ€™idÃ©e Ã  la production dâ€™un produit Ã©lectronique
14/06/18,9:20 AM,14/06/18,10:20 AM,Trempolino,https://web2day.co/evenements/de-lux-au-developpement-cas-concret-dune-application-de-dating/,276,"De lâ€™UX au dÃ©veloppement, cas concret dâ€™une application de dating",,"AnaÃ¯s VIVION, CEO @Beapp
","De lâ€™UX au dÃ©veloppement, cas concret dâ€™une application de dating

													
AnaÃ¯s VIVION, CEO @Beapp


ğŸšŒ=Trempolino
ğŸš€=Startup & entrepreneurship","ğŸšŒÂ·ğŸš€Â·De lâ€™UX au dÃ©veloppement, cas concret dâ€™une application de dating"
13/06/18,4:20 PM,13/06/18,5:00 PM,"Micro, Stereolux",https://web2day.co/evenements/de-react-a-storybook-odyssee-dun-workflow-de-developpement-front/,278,"De React Ã  Storybook, odyssÃ©e dâ€™un workflow de dÃ©veloppement front",,"Pierre-Alexandre GURY, Front-end Developer @iAdvize
","De React Ã  Storybook, odyssÃ©e dâ€™un workflow de dÃ©veloppement front

													
Pierre-Alexandre GURY, Front-end Developer @iAdvize


ğŸ”¬=Micro, Stereolux
ğŸ’»=Tech","ğŸ”¬Â·ğŸ’»Â·De React Ã  Storybook, odyssÃ©e dâ€™un workflow de dÃ©veloppement front"
13/06/18,2:00 PM,13/06/18,2:20 PM,"Micro, Stereolux",https://web2day.co/evenements/demystifions-les-css-custom-properties/,278,DÃ©mystifions les CSS Custom Properties,,"Audrey GARREAU, CEO @Yumigo
Jean-FranÃ§ois GARREAU, CTO @Sfeir / GDG Nantes
","DÃ©mystifions les CSS Custom Properties

													
Audrey GARREAU, CEO @Yumigo
Jean-FranÃ§ois GARREAU, CTO @Sfeir / GDG Nantes


ğŸ”¬=Micro, Stereolux
ğŸ’»=Tech",ğŸ”¬Â·ğŸ’»Â·DÃ©mystifions les CSS Custom Properties
13/06/18,9:50 AM,13/06/18,10:30 AM,"Micro, Stereolux",https://web2day.co/evenements/des-menaces-aux-solutions-les-0-et-1-dune-strategie-de-cybersecurite/,278,Des menaces aux solutions : les 0 et 1 dâ€™une stratÃ©gie de cybersÃ©curitÃ©,,"Rayna STAMBOLIYSKA, Cybersecurity researcher and consultant @TBD
","Des menaces aux solutions : les 0 et 1 dâ€™une stratÃ©gie de cybersÃ©curitÃ©

													
Rayna STAMBOLIYSKA, Cybersecurity researcher and consultant @TBD


ğŸ”¬=Micro, Stereolux
ğŸ’»=Tech",ğŸ”¬Â·ğŸ’»Â·Des menaces aux solutions : les 0 et 1 dâ€™une stratÃ©gie de cybersÃ©curitÃ©
15/06/18,11:00 AM,15/06/18,12:30 PM,Trempolino,https://web2day.co/evenements/design-strategie-produit-et-ingenierie-problematiques-synergie-methodologies-partage-dexperience/,332,"Design, StratÃ©gie produit et IngÃ©nierie : ProblÃ©matiques, Synergie, MÃ©thodologies & Partage dâ€™Experience",,"Stephane DELBECQUE, VP Product Management @Aptus Health
Jean-Baptiste VERCRUYSSE, CTO @SIMPLIFIA
Nicolas KIÃ‰NÃ‰, Design Manager @Aptus Health
NoÃ©mie LECORPS, Senior UXD | Product designer @Freelance
","Design, StratÃ©gie produit et IngÃ©nierie : ProblÃ©matiques, Synergie, MÃ©thodologies & Partage dâ€™Experience

													
Stephane DELBECQUE, VP Product Management @Aptus Health
Jean-Baptiste VERCRUYSSE, CTO @SIMPLIFIA
Nicolas KIÃ‰NÃ‰, Design Manager @Aptus Health
NoÃ©mie LECORPS, Senior UXD | Product designer @Freelance


ğŸšŒ=Trempolino
ğŸ–Œ=Design","ğŸšŒÂ·ğŸ–ŒÂ·Design, StratÃ©gie produit et IngÃ©nierie : ProblÃ©matiques, Synergie, MÃ©thodologies & Partage dâ€™Experience"
14/06/18,6:20 PM,14/06/18,7:00 PM,"Micro, Stereolux",https://web2day.co/evenements/designer-cherche-ai-empathique/,332,Designer cherche AI empathique,,"Patrick MARUEJOULS, Founder - design lead @haigo
","Designer cherche AI empathique

													
Patrick MARUEJOULS, Founder - design lead @haigo


ğŸ”¬=Micro, Stereolux
ğŸ–Œ=Design",ğŸ”¬Â·ğŸ–ŒÂ·Designer cherche AI empathique
14/06/18,3:40 PM,14/06/18,4:20 PM,"Micro, Stereolux",https://web2day.co/evenements/designer-pour-linstantane/,332,Designer pour lâ€™instantanÃ©,,"Morgane RUAUD, UI designer senior @AB TASTY
NoÃ©mie LECORPS, Senior UXD | Product designer @Freelance
","Designer pour lâ€™instantanÃ©

													
Morgane RUAUD, UI designer senior @AB TASTY
NoÃ©mie LECORPS, Senior UXD | Product designer @Freelance


ğŸ”¬=Micro, Stereolux
ğŸ–Œ=Design",ğŸ”¬Â·ğŸ–ŒÂ·Designer pour lâ€™instantanÃ©
14/06/18,4:20 PM,14/06/18,5:00 PM,"Micro, Stereolux",https://web2day.co/evenements/designing-for-augmented-reality/,332,Designing for augmented reality,,"Michael Flarup JENSEN, Designer, Business owner & Keynote Speaker @Northplay & Pixelresort
","Designing for augmented reality

													
Michael Flarup JENSEN, Designer, Business owner & Keynote Speaker @Northplay & Pixelresort


ğŸ”¬=Micro, Stereolux
ğŸ–Œ=Design",ğŸ”¬Â·ğŸ–ŒÂ·Designing for augmented reality
15/06/18,10:30 AM,15/06/18,11:10 AM,"Micro, Stereolux",https://web2day.co/evenements/developper-plus-rapidement-avec-symfony-4/,278,DÃ©velopper plus rapidement avec Symfony 4,,"KÃ©vin DUNGLAS, CEO @Les-Tilleuls.coop
","DÃ©velopper plus rapidement avec Symfony 4

													
KÃ©vin DUNGLAS, CEO @Les-Tilleuls.coop


ğŸ”¬=Micro, Stereolux
ğŸ’»=Tech",ğŸ”¬Â·ğŸ’»Â·DÃ©velopper plus rapidement avec Symfony 4
13/06/18,2:40 PM,13/06/18,3:20 PM,"Mediacampus, Forum",https://web2day.co/evenements/digital-contenu-sport-media-marque/,277,La visibilitÃ© digitale dans le monde du sport,,"Germain BUTROT, CEO @Sportpack
Baptiste HURIEZ, Marketing director @FC Nantes
","La visibilitÃ© digitale dans le monde du sport

													
Germain BUTROT, CEO @Sportpack
Baptiste HURIEZ, Marketing director @FC Nantes


ğŸ“=Mediacampus, Forum
ğŸ’µ=Market, com & media",ğŸ“Â·ğŸ’µÂ·La visibilitÃ© digitale dans le monde du sport
13/06/18,12:10 PM,13/06/18,12:30 PM,Trempolino,https://web2day.co/evenements/disrupter-le-monde-des-instituts-detudes-grace-a-lintelligence-artificielle/,279,"Market research, IA et chatbot : le nouveau paradigme",,"Charles DADI, CEO @Factonics
","Market research, IA et chatbot : le nouveau paradigme

													
Charles DADI, CEO @Factonics


ğŸšŒ=Trempolino
ğŸ’¼=Corporate","ğŸšŒÂ·ğŸ’¼Â·Market research, IA et chatbot : le nouveau paradigme"
14/06/18,3:40 PM,14/06/18,4:20 PM,Atlanbois,https://web2day.co/evenements/documenter-tester-et-bouchonner-votre-api-avec-un-seul-outil-cest-possible/,278,"Documenter, tester, et bouchonner votre API avec un seul outil : câ€™est possible !",,"Julie ROLLIN-MOUSTÃ‰OU, Senior Product Manager @FABERNOVEL TECHNOLOGIES
","Documenter, tester, et bouchonner votre API avec un seul outil : câ€™est possible !

													
Julie ROLLIN-MOUSTÃ‰OU, Senior Product Manager @FABERNOVEL TECHNOLOGIES


ğŸŒ³=Atlanbois
ğŸ’»=Tech","ğŸŒ³Â·ğŸ’»Â·Documenter, tester, et bouchonner votre API avec un seul outil : câ€™est possible !"
14/06/18,4:50 PM,14/06/18,5:20 PM,"Maxi, Stereolux",https://web2day.co/evenements/doing-business-with-open-source/,276,Doing Business with Open Source,,"Michael Â«Â MontyÂ Â»	WIDENIUS, CTO & board member @MariaDB
","Doing Business with Open Source

													
Michael Â«Â MontyÂ Â»	WIDENIUS, CTO & board member @MariaDB


â†”ï¸=Maxi, Stereolux
ğŸš€=Startup & entrepreneurship",â†”ï¸Â·ğŸš€Â·Doing Business with Open Source
13/06/18,5:40 PM,13/06/18,6:00 PM,Atlanbois,https://web2day.co/evenements/donner-de-la-valeur-a-vos-donnees-avec-le-machine-learning-et-les-services-cognitifs/,278,Donner de la valeur Ã  vos donnÃ©es avec le machine learning et les services cognitifs,,,"Donner de la valeur Ã  vos donnÃ©es avec le machine learning et les services cognitifs

													


ğŸŒ³=Atlanbois
ğŸ’»=Tech",ğŸŒ³Â·ğŸ’»Â·Donner de la valeur Ã  vos donnÃ©es avec le machine learning et les services cognitifs
15/06/18,3:40 PM,15/06/18,4:00 PM,"Maxi, Stereolux",https://web2day.co/evenements/du-selfie-au-service/,276,Du Selfie au Service,,"Leslie COUTTERAND, Director/Activist/Author @FlashWorld Productions
","Du Selfie au Service

													
Leslie COUTTERAND, Director/Activist/Author @FlashWorld Productions


â†”ï¸=Maxi, Stereolux
ğŸš€=Startup & entrepreneurship",â†”ï¸Â·ğŸš€Â·Du Selfie au Service
14/06/18,11:20 AM,14/06/18,12:00 PM,Atlanbois,https://web2day.co/evenements/enhance-your-user-and-developer-experience-with-react-redux/,278,Enhance your User and Developer Experience with React & Redux,,"Nicolas GOUTAY, Software Architect @Theodo
","Enhance your User and Developer Experience with React & Redux

													
Nicolas GOUTAY, Software Architect @Theodo


ğŸŒ³=Atlanbois
ğŸ’»=Tech",ğŸŒ³Â·ğŸ’»Â·Enhance your User and Developer Experience with React & Redux
15/06/18,12:00 PM,15/06/18,12:30 PM,Chapitalk,https://web2day.co/evenements/enlarge-your-team/,278,Enlarge your team,,"SÃ©bastien CHARRIER, Co Founder @Bump.sh
","Enlarge your team

													
SÃ©bastien CHARRIER, Co Founder @Bump.sh


ğŸª=Chapitalk
ğŸ’»=Tech",ğŸªÂ·ğŸ’»Â·Enlarge your team
15/06/18,4:40 PM,15/06/18,5:10 PM,Chapitalk,https://web2day.co/evenements/entre-licornes-et-bisounours/,276,Entre Licornes et bisounours,,"Marc ROUGIER, Partner @Elaia Partners
","Entre Licornes et bisounours

													
Marc ROUGIER, Partner @Elaia Partners


ğŸª=Chapitalk
ğŸš€=Startup & entrepreneurship",ğŸªÂ·ğŸš€Â·Entre Licornes et bisounours
13/06/18,10:30 AM,13/06/18,10:50 AM,"Mediacampus, Forum",https://web2day.co/evenements/estimation-daudience-web-geolocalisee/,277,Estimation dâ€™audience web  gÃ©olocalisÃ©e,,"RÃ©mi BOIS, Data Scientist @Ouest France MultimÃ©dia
","Estimation dâ€™audience web  gÃ©olocalisÃ©e

													
RÃ©mi BOIS, Data Scientist @Ouest France MultimÃ©dia


ğŸ“=Mediacampus, Forum
ğŸ’µ=Market, com & media",ğŸ“Â·ğŸ’µÂ·Estimation dâ€™audience web  gÃ©olocalisÃ©e
13/06/18,6:00 PM,13/06/18,6:50 PM,Chapitalk,https://web2day.co/evenements/etat-des-lieux-de-la-legaltech-en-france/,276,Etat des lieux de la Legaltech en France,,"Mathieu DAVY, CEO @CALL A LAWYER
","Etat des lieux de la Legaltech en France

													
Mathieu DAVY, CEO @CALL A LAWYER


ğŸª=Chapitalk
ğŸš€=Startup & entrepreneurship",ğŸªÂ·ğŸš€Â·Etat des lieux de la Legaltech en France
13/06/18,6:00 PM,13/06/18,7:00 PM,"Mediacampus, Forum",https://web2day.co/evenements/fake-news-perspectives-economiques-psychologiques-et-politiques/,277,"Comprendre et combattre les Â«Â fake newsÂ Â»: Perspectives psychologiques, Ã©conomiques, et politiques",,"Pierre-Albert RUQUIER, Marketing Director @Storyzy
Brent STRICKLAND, Researcher @ENS - CNRS - Institut Jean Nicod
NaÃ¯ma MOUTCHOU, Deputy of Val dâ€™Oise @AssemblÃ©e Nationale
","Comprendre et combattre les Â«Â fake newsÂ Â»: Perspectives psychologiques, Ã©conomiques, et politiques

													
Pierre-Albert RUQUIER, Marketing Director @Storyzy
Brent STRICKLAND, Researcher @ENS - CNRS - Institut Jean Nicod
NaÃ¯ma MOUTCHOU, Deputy of Val dâ€™Oise @AssemblÃ©e Nationale


ğŸ“=Mediacampus, Forum
ğŸ’µ=Market, com & media","ğŸ“Â·ğŸ’µÂ·Comprendre et combattre les Â«Â fake newsÂ Â»: Perspectives psychologiques, Ã©conomiques, et politiques"
13/06/18,4:00 PM,13/06/18,4:50 PM,"Maxi, Stereolux",https://web2day.co/evenements/financer-sa-startup-grace-aux-ico/,276,Financer sa startup grÃ¢ce aux ICO,,"Alex DELIVET, Founder @B2B Rocks
","Financer sa startup grÃ¢ce aux ICO

													
Alex DELIVET, Founder @B2B Rocks


â†”ï¸=Maxi, Stereolux
ğŸš€=Startup & entrepreneurship",â†”ï¸Â·ğŸš€Â·Financer sa startup grÃ¢ce aux ICO
13/06/18,10:55 AM,13/06/18,11:20 AM,"Maxi, Stereolux",https://web2day.co/evenements/fireside-chat-with-frederic-mazzella/,276,Fireside chat with FrÃ©dÃ©ric Mazzella,,"FrÃ©dÃ©ric MAZZELLA, President, Founder  @Blablacar
Iris MAIGNAN, Associate editor @Maddyness
","Fireside chat with FrÃ©dÃ©ric Mazzella

													
FrÃ©dÃ©ric MAZZELLA, President, Founder  @Blablacar
Iris MAIGNAN, Associate editor @Maddyness


â†”ï¸=Maxi, Stereolux
ğŸš€=Startup & entrepreneurship",â†”ï¸Â·ğŸš€Â·Fireside chat with FrÃ©dÃ©ric Mazzella
14/06/18,6:10 PM,14/06/18,7:00 PM,"Maxi, Stereolux",https://web2day.co/evenements/fireside-chat-with-quentin-sannie/,276,Fireside chat with Quentin SanniÃ©,,"Quentin SANNIE, Co-Founder & Chairman @DEVIALET
Arnaud CHAIGNEAU, Head of Ecoystem @NUMA
","Fireside chat with Quentin SanniÃ©

													
Quentin SANNIE, Co-Founder & Chairman @DEVIALET
Arnaud CHAIGNEAU, Head of Ecoystem @NUMA


â†”ï¸=Maxi, Stereolux
ğŸš€=Startup & entrepreneurship",â†”ï¸Â·ğŸš€Â·Fireside chat with Quentin SanniÃ©
13/06/18,12:00 PM,13/06/18,12:30 PM,"Maxi, Stereolux",https://web2day.co/evenements/five-by-five-founders-story-kat-borlogan/,276,French Tech whatâ€™s next,,"Kat BORLONGAN, Directrice @French Tech
Matt ELLSWORTH, Partner @500 Startups
","French Tech whatâ€™s next

													
Kat BORLONGAN, Directrice @French Tech
Matt ELLSWORTH, Partner @500 Startups


â†”ï¸=Maxi, Stereolux
ğŸš€=Startup & entrepreneurship",â†”ï¸Â·ğŸš€Â·French Tech whatâ€™s next
14/06/18,12:00 PM,14/06/18,12:30 PM,Atlanbois,https://web2day.co/evenements/flutter-ca-roxe-du-poney/,278,"Flutter, ca roxe du poney ?",,"Pierre TIBULLE, Lead Tech Mobile @ASI
","Flutter, ca roxe du poney ?

													
Pierre TIBULLE, Lead Tech Mobile @ASI


ğŸŒ³=Atlanbois
ğŸ’»=Tech","ğŸŒ³Â·ğŸ’»Â·Flutter, ca roxe du poney ?"
13/06/18,3:20 PM,13/06/18,4:00 PM,"Mediacampus, Forum",https://web2day.co/evenements/football-soccer-a-non-us-worldwide-market/,277,Football/Soccer : a non US worldwide market,,"Farid ARAB, CEO @FOOT.FANS
","Football/Soccer : a non US worldwide market

													
Farid ARAB, CEO @FOOT.FANS


ğŸ“=Mediacampus, Forum
ğŸ’µ=Market, com & media",ğŸ“Â·ğŸ’µÂ·Football/Soccer : a non US worldwide market
14/06/18,4:30 PM,14/06/18,4:50 PM,"Maxi, Stereolux",https://web2day.co/evenements/founder-story-recast-ai/,276,Recast.AI : Founder story,,"Jasmine ANTEUNIS, Co-founder & VP Product @Recast.AI
","Recast.AI : Founder story

													
Jasmine ANTEUNIS, Co-founder & VP Product @Recast.AI


â†”ï¸=Maxi, Stereolux
ğŸš€=Startup & entrepreneurship",â†”ï¸Â·ğŸš€Â·Recast.AI : Founder story
13/06/18,5:40 PM,13/06/18,6:00 PM,"Maxi, Stereolux",https://web2day.co/evenements/founder-story-the-notebook/,276,The notebook  : Founder story,,"Izanami MARTINEZ, Founder & CEO @The Notox Life
","The notebook  : Founder story

													
Izanami MARTINEZ, Founder & CEO @The Notox Life


â†”ï¸=Maxi, Stereolux
ğŸš€=Startup & entrepreneurship",â†”ï¸Â·ğŸš€Â·The notebook  : Founder story
13/06/18,4:30 PM,13/06/18,5:30 PM,Chapitalk,https://web2day.co/evenements/freelancing-precarisation-ou-emancipation/,280,Freelancing : prÃ©carisation ou Ã©mancipation ?,,"Laetitia VITAUD, Director @Cadre Noir Ltd
Nicolas REBOUD, CEO @Shine
Yann LE NEN, Consultant 
Simon ROBIC, Product Marketing Manager @iAdvize
","Freelancing : prÃ©carisation ou Ã©mancipation ?

													
Laetitia VITAUD, Director @Cadre Noir Ltd
Nicolas REBOUD, CEO @Shine
Yann LE NEN, Consultant 
Simon ROBIC, Product Marketing Manager @iAdvize


ğŸª=Chapitalk
ğŸ‘=Society & FTW",ğŸªÂ·ğŸ‘Â·Freelancing : prÃ©carisation ou Ã©mancipation ?
14/06/18,2:00 PM,14/06/18,2:30 PM,Chapitalk,https://web2day.co/evenements/full-remote-semi-remote-ou-pas-de-tele-travail/,278,"Full-Remote, Semi-Remote ou pas de Â«Â tÃ©lÃ©-travailÂ Â» ?",,"Benoit HEDIARD, Founder & CTO @Agorapulse
","Full-Remote, Semi-Remote ou pas de Â«Â tÃ©lÃ©-travailÂ Â» ?

													
Benoit HEDIARD, Founder & CTO @Agorapulse


ğŸª=Chapitalk
ğŸ’»=Tech","ğŸªÂ·ğŸ’»Â·Full-Remote, Semi-Remote ou pas de Â«Â tÃ©lÃ©-travailÂ Â» ?"
14/06/18,12:00 PM,14/06/18,12:30 PM,"Maxi, Stereolux",https://web2day.co/evenements/future-of-work/,279,Quelles compÃ©tences pour travailler dans un monde digital en constante Ã©volution ?,,"CÃ©line BOISSON, Director of Google Digital Workshops in France @Google
","Quelles compÃ©tences pour travailler dans un monde digital en constante Ã©volution ?

													
CÃ©line BOISSON, Director of Google Digital Workshops in France @Google


â†”ï¸=Maxi, Stereolux
ğŸ’¼=Corporate",â†”ï¸Â·ğŸ’¼Â·Quelles compÃ©tences pour travailler dans un monde digital en constante Ã©volution ?
15/06/18,3:00 PM,15/06/18,3:40 PM,"Maxi, Stereolux",https://web2day.co/evenements/global-challenge-partie-2/,276,Global Challenge â€“ Partie 2,,"Izanami MARTINEZ, Founder & CEO @The Notox Life
Axelle LEMAIRE, Partner, Global Head of Terra Numerata @Roland Berger
Mircea VADAN, Managing Partner @Cluj Startups/Activize
, 
","Global Challenge â€“ Partie 2

													
Izanami MARTINEZ, Founder & CEO @The Notox Life
Axelle LEMAIRE, Partner, Global Head of Terra Numerata @Roland Berger
Mircea VADAN, Managing Partner @Cluj Startups/Activize
, 


â†”ï¸=Maxi, Stereolux
ğŸš€=Startup & entrepreneurship",â†”ï¸Â·ğŸš€Â·Global Challenge â€“ Partie 2
15/06/18,2:00 PM,15/06/18,2:40 PM,"Maxi, Stereolux",https://web2day.co/evenements/global-challenge/,276,Global Challenge â€“ Partie 1,,"Izanami MARTINEZ, Founder & CEO @The Notox Life
Axelle LEMAIRE, Partner, Global Head of Terra Numerata @Roland Berger
Mircea VADAN, Managing Partner @Cluj Startups/Activize
, 
","Global Challenge â€“ Partie 1

													
Izanami MARTINEZ, Founder & CEO @The Notox Life
Axelle LEMAIRE, Partner, Global Head of Terra Numerata @Roland Berger
Mircea VADAN, Managing Partner @Cluj Startups/Activize
, 


â†”ï¸=Maxi, Stereolux
ğŸš€=Startup & entrepreneurship",â†”ï¸Â·ğŸš€Â·Global Challenge â€“ Partie 1
13/06/18,10:50 AM,13/06/18,11:30 AM,"Micro, Stereolux",https://web2day.co/evenements/google-cloud-firestore-la-bdd-scalable-du-futur/,278,"Google Cloud Firestore, la BDD scalable du futur ?",,"Simon BERNARDIN, Lead developer @Moventes
","Google Cloud Firestore, la BDD scalable du futur ?

													
Simon BERNARDIN, Lead developer @Moventes


ğŸ”¬=Micro, Stereolux
ğŸ’»=Tech","ğŸ”¬Â·ğŸ’»Â·Google Cloud Firestore, la BDD scalable du futur ?"
15/06/18,11:50 AM,15/06/18,12:30 PM,"Micro, Stereolux",https://web2day.co/evenements/having-an-effect/,278,Having an Effect,,"Mads Hartmann JENSEN, Fullstack Software Engineer @Famly
","Having an Effect

													
Mads Hartmann JENSEN, Fullstack Software Engineer @Famly


ğŸ”¬=Micro, Stereolux
ğŸ’»=Tech",ğŸ”¬Â·ğŸ’»Â·Having an Effect
14/06/18,4:00 PM,14/06/18,5:00 PM,Trempolino,https://web2day.co/evenements/how-to-build-a-prototype/,276,How to build a prototype,,"Mircea VADAN, Managing Partner @Cluj Startups/Activize
","How to build a prototype

													
Mircea VADAN, Managing Partner @Cluj Startups/Activize


ğŸšŒ=Trempolino
ğŸš€=Startup & entrepreneurship",ğŸšŒÂ·ğŸš€Â·How to build a prototype
14/06/18,2:00 PM,14/06/18,2:40 PM,"Micro, Stereolux",https://web2day.co/evenements/how-to-combat-crime-seriously/,280,How to combat crime seriously,,"Cindy SPELT, CEO @Supermassive Black Hole
","How to combat crime seriously

													
Cindy SPELT, CEO @Supermassive Black Hole


ğŸ”¬=Micro, Stereolux
ğŸ‘=Society & FTW",ğŸ”¬Â·ğŸ‘Â·How to combat crime seriously
14/06/18,6:00 PM,14/06/18,6:30 PM,Chapitalk,https://web2day.co/evenements/how-visiting-a-factory-helped-me-build-better-websites/,278,How visiting a factory helped me build better websites,,"Matthieu AUGER, Lead Developer @Theodo
","How visiting a factory helped me build better websites

													
Matthieu AUGER, Lead Developer @Theodo


ğŸª=Chapitalk
ğŸ’»=Tech",ğŸªÂ·ğŸ’»Â·How visiting a factory helped me build better websites
14/06/18,4:10 PM,14/06/18,5:10 PM,"Mediacampus, Forum",https://web2day.co/evenements/how-we-cooperate-with-startups-the-thales-cyberstation-f-programme/,279,Story of a cooperation between cybersecurity startups & Thales at Station F,,"Xavier BERTHELOT, Bid Manager @THALES
Fabrice EPELBOIN, cofounder @Yogosha
Philippe MONOT, Cybersecurity Services Marketing and PLM @Thales
Damien MAITROT, Business Partner @KeeeX
","Story of a cooperation between cybersecurity startups & Thales at Station F

													
Xavier BERTHELOT, Bid Manager @THALES
Fabrice EPELBOIN, cofounder @Yogosha
Philippe MONOT, Cybersecurity Services Marketing and PLM @Thales
Damien MAITROT, Business Partner @KeeeX


ğŸ“=Mediacampus, Forum
ğŸ’¼=Corporate",ğŸ“Â·ğŸ’¼Â·Story of a cooperation between cybersecurity startups & Thales at Station F
15/06/18,10:20 AM,15/06/18,10:35 AM,"Mediacampus, Forum",https://web2day.co/evenements/ia-medias-2/,277,IA & MÃ©dias,,"Eric SCHERER, CEO, innovation, prospective, mÃ©dialab @france tÃ©lÃ©visions
","IA & MÃ©dias

													
Eric SCHERER, CEO, innovation, prospective, mÃ©dialab @france tÃ©lÃ©visions


ğŸ“=Mediacampus, Forum
ğŸ’µ=Market, com & media",ğŸ“Â·ğŸ’µÂ·IA & MÃ©dias
15/06/18,10:35 AM,15/06/18,11:35 AM,"Mediacampus, Forum",https://web2day.co/evenements/ia-medias/,277,Intelligence artificielle : la rÃ©volution des mÃ©diasÂ !,,"Eric SCHERER, CEO, innovation, prospective, mÃ©dialab @france tÃ©lÃ©visions
Claude DE LOUPY, CEO @Syllabs
Estelle PRUSKER-DENEUVILLE, Mediacampus Manager - Head of Media Studies @Audencia SciencesCom
Marjolaine GRONDIN, CEO @Jam
Denis TEYSSOU, Responsable Ã©ditorial Medialab R&D @Agence France-Presse
","Intelligence artificielle : la rÃ©volution des mÃ©diasÂ !

													
Eric SCHERER, CEO, innovation, prospective, mÃ©dialab @france tÃ©lÃ©visions
Claude DE LOUPY, CEO @Syllabs
Estelle PRUSKER-DENEUVILLE, Mediacampus Manager - Head of Media Studies @Audencia SciencesCom
Marjolaine GRONDIN, CEO @Jam
Denis TEYSSOU, Responsable Ã©ditorial Medialab R&D @Agence France-Presse


ğŸ“=Mediacampus, Forum
ğŸ’µ=Market, com & media",ğŸ“Â·ğŸ’µÂ·Intelligence artificielle : la rÃ©volution des mÃ©diasÂ !
13/06/18,9:50 AM,13/06/18,10:30 AM,Chapitalk,https://web2day.co/evenements/il-ny-a-pas-de-magie-tout-est-dans-les-details/,332,"Il nâ€™y a pas de magie, tout est dans les dÃ©tails !",,"Thomas BUVIGNIER, Product Owner UX @Bewizyu
","Il nâ€™y a pas de magie, tout est dans les dÃ©tails !

													
Thomas BUVIGNIER, Product Owner UX @Bewizyu


ğŸª=Chapitalk
ğŸ–Œ=Design","ğŸªÂ·ğŸ–ŒÂ·Il nâ€™y a pas de magie, tout est dans les dÃ©tails !"
14/06/18,9:30 AM,14/06/18,10:30 AM,"Maxi, Stereolux",https://web2day.co/evenements/il-y-a-lavenir-qui-se-fait-et-celui-quon-fait-lavenir-reel-se-compose-des-deux/,280,Â«Â Il y a lâ€™avenir qui se fait et celui quâ€™on fait. Lâ€™avenir rÃ©el se compose des deuxÂ Â»,,"Cyrille CHAUDOIT, Head of Innovation @THE LINKS
Thomas KERJEAN, Director Cloud & IA @Microsoft
","Â«Â Il y a lâ€™avenir qui se fait et celui quâ€™on fait. Lâ€™avenir rÃ©el se compose des deuxÂ Â»

													
Cyrille CHAUDOIT, Head of Innovation @THE LINKS
Thomas KERJEAN, Director Cloud & IA @Microsoft


â†”ï¸=Maxi, Stereolux
ğŸ‘=Society & FTW",â†”ï¸Â·ğŸ‘Â·Â«Â Il y a lâ€™avenir qui se fait et celui quâ€™on fait. Lâ€™avenir rÃ©el se compose des deuxÂ Â»
14/06/18,3:00 PM,14/06/18,3:40 PM,Chapitalk,https://web2day.co/evenements/impact-team-piloter-des-equipes-produit-par-limpact/,278,Impact Team â€“ Piloter des Ã©quipes produit par lâ€™impact,,"Nicolas BARON, CTO @MeilleursAgents
Christopher PAROLA, Lead Product Manager @MeilleursAgents
","Impact Team â€“ Piloter des Ã©quipes produit par lâ€™impact

													
Nicolas BARON, CTO @MeilleursAgents
Christopher PAROLA, Lead Product Manager @MeilleursAgents


ğŸª=Chapitalk
ğŸ’»=Tech",ğŸªÂ·ğŸ’»Â·Impact Team â€“ Piloter des Ã©quipes produit par lâ€™impact
15/06/18,10:00 AM,15/06/18,10:30 AM,Atlanbois,https://web2day.co/evenements/in-defense-of-fun/,276,In Defense of Fun,,"Matt ELLSWORTH, Partner @500 Startups
","In Defense of Fun

													
Matt ELLSWORTH, Partner @500 Startups


ğŸŒ³=Atlanbois
ğŸš€=Startup & entrepreneurship",ğŸŒ³Â·ğŸš€Â·In Defense of Fun
15/06/18,9:40 AM,15/06/18,10:35 AM,"Maxi, Stereolux",https://web2day.co/evenements/is-2018-the-best-or-worst-year-for-tech/,332,Is 2018 the best or worst year for tech ?,,"Max LEROY, Product Lead @Meetup
Alex GLASS, Business Strategy Lead @Meetup
Zack PRAGER, Founder & Developer @Ransomly, Inc.
Carolyn MANNING, VP Brand and Community @Meetup
","Is 2018 the best or worst year for tech ?

													
Max LEROY, Product Lead @Meetup
Alex GLASS, Business Strategy Lead @Meetup
Zack PRAGER, Founder & Developer @Ransomly, Inc.
Carolyn MANNING, VP Brand and Community @Meetup


â†”ï¸=Maxi, Stereolux
ğŸ–Œ=Design",â†”ï¸Â·ğŸ–ŒÂ·Is 2018 the best or worst year for tech ?
15/06/18,10:35 AM,15/06/18,11:30 AM,"Maxi, Stereolux",https://web2day.co/evenements/is-tech-running-our-lives/,332,Is tech ruining our lives ?,,"Zack PRAGER, Founder & Developer @Ransomly, Inc.
Max LEROY, Product Lead @Meetup
Alex GLASS, Business Strategy Lead @Meetup
Carolyn MANNING, VP Brand and Community @Meetup
","Is tech ruining our lives ?

													
Zack PRAGER, Founder & Developer @Ransomly, Inc.
Max LEROY, Product Lead @Meetup
Alex GLASS, Business Strategy Lead @Meetup
Carolyn MANNING, VP Brand and Community @Meetup


â†”ï¸=Maxi, Stereolux
ğŸ–Œ=Design",â†”ï¸Â·ğŸ–ŒÂ·Is tech ruining our lives ?
15/06/18,3:20 PM,15/06/18,4:00 PM,"Mediacampus, Forum",https://web2day.co/evenements/je-capote-sur-le-prototypage-et-literation/,277,Je CAPOTE sur le prototypage et lâ€™itÃ©ration,,"Isabelle LOPEZ, Founder @MySmartJourney
","Je CAPOTE sur le prototypage et lâ€™itÃ©ration

													
Isabelle LOPEZ, Founder @MySmartJourney


ğŸ“=Mediacampus, Forum
ğŸ’µ=Market, com & media",ğŸ“Â·ğŸ’µÂ·Je CAPOTE sur le prototypage et lâ€™itÃ©ration
14/06/18,9:00 AM,14/06/18,9:30 AM,"Maxi, Stereolux",https://web2day.co/evenements/la-grande-disruption/,280,La grande disruption,,"Arnaud LACAN, Management professor @KEDGE BUSINESS SCHOOL
","La grande disruption

													
Arnaud LACAN, Management professor @KEDGE BUSINESS SCHOOL


â†”ï¸=Maxi, Stereolux
ğŸ‘=Society & FTW",â†”ï¸Â·ğŸ‘Â·La grande disruption
14/06/18,10:20 AM,14/06/18,11:00 AM,Trempolino,https://web2day.co/evenements/la-guerre-des-data-aura-t-elle-lieu-comment-en-sortir-vivant-quand-on-nest-pas-un-gafam/,279,La guerre des Data aura-t-elle lieu ? Comment en sortir vivant quand on nâ€™est pas un GAFAM ?,,"Mick LEVY,  Director of Business Innovation @Business & Decision
","La guerre des Data aura-t-elle lieu ? Comment en sortir vivant quand on nâ€™est pas un GAFAM ?

													
Mick LEVY,  Director of Business Innovation @Business & Decision


ğŸšŒ=Trempolino
ğŸ’¼=Corporate",ğŸšŒÂ·ğŸ’¼Â·La guerre des Data aura-t-elle lieu ? Comment en sortir vivant quand on nâ€™est pas un GAFAM ?
14/06/18,11:30 AM,14/06/18,12:30 PM,Chapitalk,https://web2day.co/evenements/la-marque-employeur-tech/,278,La marque employeur tech,,"Alban DUMOUILLA, CTO @NUMA
Nicolas BARON, CTO @MeilleursAgents
Jean LEBRUMENT, CTO @BRIGAD
Nadiya SHUR, Marketing & Communication Director @FABERNOVEL TECHNOLOGIES
","La marque employeur tech

													
Alban DUMOUILLA, CTO @NUMA
Nicolas BARON, CTO @MeilleursAgents
Jean LEBRUMENT, CTO @BRIGAD
Nadiya SHUR, Marketing & Communication Director @FABERNOVEL TECHNOLOGIES


ğŸª=Chapitalk
ğŸ’»=Tech",ğŸªÂ·ğŸ’»Â·La marque employeur tech
14/06/18,5:50 PM,14/06/18,6:10 PM,"Maxi, Stereolux",https://web2day.co/evenements/la-parole-de-mounir-mahjoubi/,276,La parole de Mounir Mahjoubi,,"Mounir MAHJOUBI, SecrÃ©taire d'Etat auprÃ¨s du Premier Ministre, chargÃ© du numÃ©rique @FRENCH TECH
","La parole de Mounir Mahjoubi

													
Mounir MAHJOUBI, SecrÃ©taire d'Etat auprÃ¨s du Premier Ministre, chargÃ© du numÃ©rique @FRENCH TECH


â†”ï¸=Maxi, Stereolux
ğŸš€=Startup & entrepreneurship",â†”ï¸Â·ğŸš€Â·La parole de Mounir Mahjoubi
14/06/18,4:40 PM,14/06/18,5:20 PM,Chapitalk,https://web2day.co/evenements/la-technologie-conduite-par-les-communautes-a-lechelle/,278,La technologie conduite par les communautÃ©s Ã  lâ€™Ã©chelle,,"Cyril LAKECH, Tech Leader @AXA France
","La technologie conduite par les communautÃ©s Ã  lâ€™Ã©chelle

													
Cyril LAKECH, Tech Leader @AXA France


ğŸª=Chapitalk
ğŸ’»=Tech",ğŸªÂ·ğŸ’»Â·La technologie conduite par les communautÃ©s Ã  lâ€™Ã©chelle
13/06/18,4:00 PM,13/06/18,4:40 PM,"Mediacampus, Forum",https://web2day.co/evenements/la-video-au-service-du-referencement-naturel/,277,VIDÃ‰O SEO : La vidÃ©o au service du marketing & le rÃ©fÃ©rencement naturel,,"Maher WANNES, CEO @Dailycom
","VIDÃ‰O SEO : La vidÃ©o au service du marketing & le rÃ©fÃ©rencement naturel

													
Maher WANNES, CEO @Dailycom


ğŸ“=Mediacampus, Forum
ğŸ’µ=Market, com & media",ğŸ“Â·ğŸ’µÂ·VIDÃ‰O SEO : La vidÃ©o au service du marketing & le rÃ©fÃ©rencement naturel
13/06/18,9:05 AM,13/06/18,9:35 AM,"Maxi, Stereolux",https://web2day.co/evenements/lancement-officiel-de-la-10eme-edition/,280,Lancement officiel de la 10Ã¨me Ã©dition,,"Adrien POGGETTI, CEO @La Cantine Nantes
","Lancement officiel de la 10Ã¨me Ã©dition

													
Adrien POGGETTI, CEO @La Cantine Nantes


â†”ï¸=Maxi, Stereolux
ğŸ‘=Society & FTW",â†”ï¸Â·ğŸ‘Â·Lancement officiel de la 10Ã¨me Ã©dition
13/06/18,9:50 AM,13/06/18,10:10 AM,Atlanbois,https://web2day.co/evenements/lancer-un-projet-techno-sans-cto/,276,Lancer un projet techno sans CTO,,"Anne-BÃ©atrice SONNIER, Co-Founder @Coorganiz
","Lancer un projet techno sans CTO

													
Anne-BÃ©atrice SONNIER, Co-Founder @Coorganiz


ğŸŒ³=Atlanbois
ğŸš€=Startup & entrepreneurship",ğŸŒ³Â·ğŸš€Â·Lancer un projet techno sans CTO
13/06/18,5:00 PM,13/06/18,5:20 PM,"Micro, Stereolux",https://web2day.co/evenements/lart-delicat-du-networking/,276,Lâ€™Art dÃ©licat du networking,,"Arnaud CHAIGNEAU, Head of Ecoystem @NUMA
","Lâ€™Art dÃ©licat du networking

													
Arnaud CHAIGNEAU, Head of Ecoystem @NUMA


ğŸ”¬=Micro, Stereolux
ğŸš€=Startup & entrepreneurship",ğŸ”¬Â·ğŸš€Â·Lâ€™Art dÃ©licat du networking
15/06/18,12:00 PM,15/06/18,12:30 PM,"Maxi, Stereolux",https://web2day.co/evenements/lassistant-personnel-un-meilleur-ami-qui-vous-veut-du-bien/,280,"Lâ€™assistant personnel, un meilleur ami qui vous veut du bien ?",,"Guillaume CHAMPEAU, Ethics and Public Relations director @Qwant
","Lâ€™assistant personnel, un meilleur ami qui vous veut du bien ?

													
Guillaume CHAMPEAU, Ethics and Public Relations director @Qwant


â†”ï¸=Maxi, Stereolux
ğŸ‘=Society & FTW","â†”ï¸Â·ğŸ‘Â·Lâ€™assistant personnel, un meilleur ami qui vous veut du bien ?"
13/06/18,10:30 AM,13/06/18,11:10 AM,Chapitalk,https://web2day.co/evenements/le-design-au-dela-de-lecran/,332,Le design au-delÃ  de lâ€™Ã©cran,,"Tony AUBÃ‰, Staff Designer @Osmo
","Le design au-delÃ  de lâ€™Ã©cran

													
Tony AUBÃ‰, Staff Designer @Osmo


ğŸª=Chapitalk
ğŸ–Œ=Design",ğŸªÂ·ğŸ–ŒÂ·Le design au-delÃ  de lâ€™Ã©cran
15/06/18,11:30 AM,15/06/18,12:00 PM,"Maxi, Stereolux",https://web2day.co/evenements/le-numerique-et-leurope/,276,"NumÃ©rique : quelle place pour lâ€™Europe, ses startups et ses citoyens ?",,"Axelle LEMAIRE, Partner, Global Head of Terra Numerata @Roland Berger
","NumÃ©rique : quelle place pour lâ€™Europe, ses startups et ses citoyens ?

													
Axelle LEMAIRE, Partner, Global Head of Terra Numerata @Roland Berger


â†”ï¸=Maxi, Stereolux
ğŸš€=Startup & entrepreneurship","â†”ï¸Â·ğŸš€Â·NumÃ©rique : quelle place pour lâ€™Europe, ses startups et ses citoyens ?"
14/06/18,11:20 AM,14/06/18,12:30 PM,"Mediacampus, Forum",https://web2day.co/evenements/le-paiement-cest-marrant/,279,Le paiement : Â«Â La rÃ©volution est en marcheÂ Â»,,"Olivier JAMAULT, Founder  @Olivier Jamault Consulting 
Thibaut FAURÃˆS FUSTEL DE COULANGES, CEO @Dalenys
Hans HAGEN, Head of Global Partnerships @Ferratum
Arnaud GIRAUDON, CEO @Nickel
Valerio DUCHINI, C. F. O. @B&B Hotels Italy
","Le paiement : Â«Â La rÃ©volution est en marcheÂ Â»

													
Olivier JAMAULT, Founder  @Olivier Jamault Consulting 
Thibaut FAURÃˆS FUSTEL DE COULANGES, CEO @Dalenys
Hans HAGEN, Head of Global Partnerships @Ferratum
Arnaud GIRAUDON, CEO @Nickel
Valerio DUCHINI, C. F. O. @B&B Hotels Italy


ğŸ“=Mediacampus, Forum
ğŸ’¼=Corporate",ğŸ“Â·ğŸ’¼Â·Le paiement : Â«Â La rÃ©volution est en marcheÂ Â»
14/06/18,2:30 PM,14/06/18,3:30 PM,"Maxi, Stereolux",https://web2day.co/evenements/le-quantique-cest-fantastique/,276,Le Quantique câ€™est fantastique,,"Fanny BOUTON, binary CEO @1000110
Olivier EZRATTY, Consultant, author @Opinions Libres
","Le Quantique câ€™est fantastique

													
Fanny BOUTON, binary CEO @1000110
Olivier EZRATTY, Consultant, author @Opinions Libres


â†”ï¸=Maxi, Stereolux
ğŸš€=Startup & entrepreneurship",â†”ï¸Â·ğŸš€Â·Le Quantique câ€™est fantastique
14/06/18,2:40 PM,14/06/18,3:40 PM,"Micro, Stereolux",https://web2day.co/evenements/le-reve-de-lart-immersif/,280,Le rÃªve de lâ€™art immersif,,"Pierre FRIQUET,  Immersive director @PYARÃ‰ 
","Le rÃªve de lâ€™art immersif

													
Pierre FRIQUET,  Immersive director @PYARÃ‰ 


ğŸ”¬=Micro, Stereolux
ğŸ‘=Society & FTW",ğŸ”¬Â·ğŸ‘Â·Le rÃªve de lâ€™art immersif
13/06/18,10:30 AM,13/06/18,11:10 AM,Atlanbois,https://web2day.co/evenements/le-tour-du-monde-des-ecosystemes-numeriques/,276,Le tour du monde des Ã©cosystÃ¨mes numÃ©riques,,"Veronique BOUDAUD, CEO @digitize2grow
","Le tour du monde des Ã©cosystÃ¨mes numÃ©riques

													
Veronique BOUDAUD, CEO @digitize2grow


ğŸŒ³=Atlanbois
ğŸš€=Startup & entrepreneurship",ğŸŒ³Â·ğŸš€Â·Le tour du monde des Ã©cosystÃ¨mes numÃ©riques
13/06/18,6:00 PM,13/06/18,7:00 PM,Chapitalk,https://web2day.co/evenements/legaltech/,276,LegalTech,,"Jacques LEVY VEHEL, President  @Case Law Analytics
","LegalTech

													
Jacques LEVY VEHEL, President  @Case Law Analytics


ğŸª=Chapitalk
ğŸš€=Startup & entrepreneurship",ğŸªÂ·ğŸš€Â·LegalTech
14/06/18,10:30 AM,14/06/18,11:15 AM,"Maxi, Stereolux",https://web2day.co/evenements/lemancipation-eclairee-vs-la-servitude-volontaire-notre-choix/,280,"Lâ€™Ã©mancipation Ã©clairÃ©e VS la servitude volontaire, notre choix",,"Cyrille CHAUDOIT, Head of Innovation @THE LINKS
Thomas KERJEAN, Director Cloud & IA @Microsoft
Mathieu BAUDIN,  Director and co-founder @Institut des Futurs souhaitables
","Lâ€™Ã©mancipation Ã©clairÃ©e VS la servitude volontaire, notre choix

													
Cyrille CHAUDOIT, Head of Innovation @THE LINKS
Thomas KERJEAN, Director Cloud & IA @Microsoft
Mathieu BAUDIN,  Director and co-founder @Institut des Futurs souhaitables


â†”ï¸=Maxi, Stereolux
ğŸ‘=Society & FTW","â†”ï¸Â·ğŸ‘Â·Lâ€™Ã©mancipation Ã©clairÃ©e VS la servitude volontaire, notre choix"
14/06/18,3:00 PM,14/06/18,4:00 PM,Trempolino,https://web2day.co/evenements/les-bases-du-droit-dutilisation-des-images/,277,Les bases du droit dâ€™utilisation des images,,"StÃ©phane DUSSARPS, Head of Region  @Getty Images
Pierre PEYBERNES, Head of Region @Getty Images
Fabrice VIÃ‰, Deputy Regional Delegate @INPI
","Les bases du droit dâ€™utilisation des images

													
StÃ©phane DUSSARPS, Head of Region  @Getty Images
Pierre PEYBERNES, Head of Region @Getty Images
Fabrice VIÃ‰, Deputy Regional Delegate @INPI


ğŸšŒ=Trempolino
ğŸ’µ=Market, com & media",ğŸšŒÂ·ğŸ’µÂ·Les bases du droit dâ€™utilisation des images
14/06/18,2:40 PM,14/06/18,3:20 PM,"Mediacampus, Forum",https://web2day.co/evenements/les-enjeux-du-referencement-pour-la-presse-en-ligne/,277,Les enjeux du rÃ©fÃ©rencement pour la presse en ligne,,"FranÃ§ois MOREAU, Responsable SEO  @20 Minutes
FranÃ§ois MOUTON, Responsable pÃ´le SEO / Tracking @Ouest France
Olivier de SEGONZAC, Associate director @RESONEO
Madeline PINTHON, Consultant SEO @iProspect
","Les enjeux du rÃ©fÃ©rencement pour la presse en ligne

													
FranÃ§ois MOREAU, Responsable SEO  @20 Minutes
FranÃ§ois MOUTON, Responsable pÃ´le SEO / Tracking @Ouest France
Olivier de SEGONZAC, Associate director @RESONEO
Madeline PINTHON, Consultant SEO @iProspect


ğŸ“=Mediacampus, Forum
ğŸ’µ=Market, com & media",ğŸ“Â·ğŸ’µÂ·Les enjeux du rÃ©fÃ©rencement pour la presse en ligne
15/06/18,12:05 PM,15/06/18,12:30 PM,"Mediacampus, Forum",https://web2day.co/evenements/les-journalistes-sont-ils-vraiment-libres/,277,Les journalistes sont-ils vraiment libres ?,,"Linda ROLLAND, Editorial Assistant & Assistant Editor @FranceTÃ©lÃ©visions
","Les journalistes sont-ils vraiment libres ?

													
Linda ROLLAND, Editorial Assistant & Assistant Editor @FranceTÃ©lÃ©visions


ğŸ“=Mediacampus, Forum
ğŸ’µ=Market, com & media",ğŸ“Â·ğŸ’µÂ·Les journalistes sont-ils vraiment libres ?
15/06/18,11:35 AM,15/06/18,12:05 PM,"Mediacampus, Forum",https://web2day.co/evenements/les-nouveaux-formats-medias/,277,Storytelling et nouvelles technos,,"Barbara CHAZELLE, Project Manager / Blogger @France TÃ©lÃ©visions
","Storytelling et nouvelles technos

													
Barbara CHAZELLE, Project Manager / Blogger @France TÃ©lÃ©visions


ğŸ“=Mediacampus, Forum
ğŸ’µ=Market, com & media",ğŸ“Â·ğŸ’µÂ·Storytelling et nouvelles technos
14/06/18,3:40 PM,14/06/18,4:40 PM,Chapitalk,https://web2day.co/evenements/les-nouveaux-services-it/,278,Les nouveaux services IT,,"Damien CAVAILLÃˆS, Founder @WeLoveDevs.com
Eric RAFFIN, Founder @Matters
Elsa BERRY,  Director Culture and Organization @Eleven Labs
Benoit VASSEUR, Founder @theTribe
KÃ©vin DUNGLAS, CEO @Les-Tilleuls.coop
","Les nouveaux services IT

													
Damien CAVAILLÃˆS, Founder @WeLoveDevs.com
Eric RAFFIN, Founder @Matters
Elsa BERRY,  Director Culture and Organization @Eleven Labs
Benoit VASSEUR, Founder @theTribe
KÃ©vin DUNGLAS, CEO @Les-Tilleuls.coop


ğŸª=Chapitalk
ğŸ’»=Tech",ğŸªÂ·ğŸ’»Â·Les nouveaux services IT
13/06/18,11:50 AM,13/06/18,12:10 PM,Trempolino,https://web2day.co/evenements/les-plateformes-et-lia-au-service-de-limpact-social/,279,Les plateformes et lâ€™IA au service de lâ€™impact social,,"Isabelle MASHOLA, CEO @isahit
","Les plateformes et lâ€™IA au service de lâ€™impact social

													
Isabelle MASHOLA, CEO @isahit


ğŸšŒ=Trempolino
ğŸ’¼=Corporate",ğŸšŒÂ·ğŸ’¼Â·Les plateformes et lâ€™IA au service de lâ€™impact social
13/06/18,5:10 PM,13/06/18,6:10 PM,Trempolino,https://web2day.co/evenements/les-technologies-du-transhumanisme/,280,Les technologies du Transhumanisme,,"Fabien SENLANNE, CTO @Sogeti
","Les technologies du Transhumanisme

													
Fabien SENLANNE, CTO @Sogeti


ğŸšŒ=Trempolino
ğŸ‘=Society & FTW",ğŸšŒÂ·ğŸ‘Â·Les technologies du Transhumanisme
13/06/18,10:10 AM,13/06/18,10:30 AM,Atlanbois,https://web2day.co/evenements/les-vertus-du-mariage-entre-saas-et-marketplace/,276,Les vertus du mariage entre SaaS et Marketplace,,"Philippe WAGNER, CEO @Captain Contrat
","Les vertus du mariage entre SaaS et Marketplace

													
Philippe WAGNER, CEO @Captain Contrat


ğŸŒ³=Atlanbois
ğŸš€=Startup & entrepreneurship",ğŸŒ³Â·ğŸš€Â·Les vertus du mariage entre SaaS et Marketplace
13/06/18,5:20 PM,13/06/18,5:40 PM,"Maxi, Stereolux",https://web2day.co/evenements/lets-play-innovating-the-arabic-learning-experience-through-lego/,332,Letâ€™s Play â€“ RÃ©volutionner lâ€™expÃ©rience dâ€™apprentissage de lâ€™arabe grÃ¢ce aux legos,,"Ghada WALI, Creative director, Visual Artist, Designer @Ghada Wali Design Studio
","Letâ€™s Play â€“ RÃ©volutionner lâ€™expÃ©rience dâ€™apprentissage de lâ€™arabe grÃ¢ce aux legos

													
Ghada WALI, Creative director, Visual Artist, Designer @Ghada Wali Design Studio


â†”ï¸=Maxi, Stereolux
ğŸ–Œ=Design",â†”ï¸Â·ğŸ–ŒÂ·Letâ€™s Play â€“ RÃ©volutionner lâ€™expÃ©rience dâ€™apprentissage de lâ€™arabe grÃ¢ce aux legos
13/06/18,3:40 PM,13/06/18,4:20 PM,Atlanbois,https://web2day.co/evenements/linked-data-et-open-data/,278,Linked Data et Open Data,,"David THOUMAS, CTO & co-founder @OpenDataSoft
Benjamin MOREAU, PhD student @OpenDataSoft/UniversitÃ© de Nantes
","Linked Data et Open Data

													
David THOUMAS, CTO & co-founder @OpenDataSoft
Benjamin MOREAU, PhD student @OpenDataSoft/UniversitÃ© de Nantes


ğŸŒ³=Atlanbois
ğŸ’»=Tech",ğŸŒ³Â·ğŸ’»Â·Linked Data et Open Data
13/06/18,10:35 AM,13/06/18,10:55 AM,"Maxi, Stereolux",https://web2day.co/evenements/linnovation-au-service-du-logement-social/,280,Lâ€™innovation au service du logement social,,"BenoÃ®t FURET,  Teacher / Researcher @UniversitÃ© de Nantes / LS2N / CapacitÃ©s
","Lâ€™innovation au service du logement social

													
BenoÃ®t FURET,  Teacher / Researcher @UniversitÃ© de Nantes / LS2N / CapacitÃ©s


â†”ï¸=Maxi, Stereolux
ğŸ‘=Society & FTW",â†”ï¸Â·ğŸ‘Â·Lâ€™innovation au service du logement social
14/06/18,9:00 AM,14/06/18,9:40 AM,Atlanbois,https://web2day.co/evenements/linuxkit-le-linux-facon-ikea/,278,Linuxkit : le linux faÃ§on ikea,,"Pierre-Yves AILLET, Consultant @Zenika
Eric BRIAND, DÃ©veloppeur @Zenika
","Linuxkit : le linux faÃ§on ikea

													
Pierre-Yves AILLET, Consultant @Zenika
Eric BRIAND, DÃ©veloppeur @Zenika


ğŸŒ³=Atlanbois
ğŸ’»=Tech",ğŸŒ³Â·ğŸ’»Â·Linuxkit : le linux faÃ§on ikea
15/06/18,2:40 PM,15/06/18,3:00 PM,"Maxi, Stereolux",https://web2day.co/evenements/linvestissement/,276,La massification des investissements,,"Jean-David CHAMBOREDON, CEO @ISAI
","La massification des investissements

													
Jean-David CHAMBOREDON, CEO @ISAI


â†”ï¸=Maxi, Stereolux
ğŸš€=Startup & entrepreneurship",â†”ï¸Â·ğŸš€Â·La massification des investissements
15/06/18,2:50 PM,15/06/18,3:20 PM,Chapitalk,https://web2day.co/evenements/liot-chez-sncf/,279,"Promesses, pÃ©pins et perspectives â€“ les 3P de lâ€™IoT",,"Marine MIZRAHI, Head of IOT Fab @SNCF
","Promesses, pÃ©pins et perspectives â€“ les 3P de lâ€™IoT

													
Marine MIZRAHI, Head of IOT Fab @SNCF


ğŸª=Chapitalk
ğŸ’¼=Corporate","ğŸªÂ·ğŸ’¼Â·Promesses, pÃ©pins et perspectives â€“ les 3P de lâ€™IoT"
14/06/18,3:20 PM,14/06/18,4:10 PM,"Mediacampus, Forum",https://web2day.co/evenements/litterature-et-nouvelles-technos/,280,LittÃ©rature et nouvelles technos,,"Rachel VANIER, Author
Elise NEBOUT, Co-founder @Les Mots
Jean CHABOD, Independant Journalist
","LittÃ©rature et nouvelles technos

													
Rachel VANIER, Author
Elise NEBOUT, Co-founder @Les Mots
Jean CHABOD, Independant Journalist


ğŸ“=Mediacampus, Forum
ğŸ‘=Society & FTW",ğŸ“Â·ğŸ‘Â·LittÃ©rature et nouvelles technos
13/06/18,4:00 PM,13/06/18,4:30 PM,Chapitalk,https://web2day.co/evenements/ma-story-dentrepreneur-de-la-banque-affaires-a-la-democratisation-du-co-freelancing/,276,Ma story dâ€™entrepreneur : de la banque affaires Ã  la dÃ©mocratisation du co-freelancing,,"Arthur HAGIAGE, CEO @A line
","Ma story dâ€™entrepreneur : de la banque affaires Ã  la dÃ©mocratisation du co-freelancing

													
Arthur HAGIAGE, CEO @A line


ğŸª=Chapitalk
ğŸš€=Startup & entrepreneurship",ğŸªÂ·ğŸš€Â·Ma story dâ€™entrepreneur : de la banque affaires Ã  la dÃ©mocratisation du co-freelancing
14/06/18,6:00 PM,14/06/18,7:00 PM,Trempolino,https://web2day.co/evenements/mailjet-rgpd/,276,La RGPD en bd,,"Marc-Antoine LEDIEU, Barrister  @Bardehle Pagenberg
","La RGPD en bd

													
Marc-Antoine LEDIEU, Barrister  @Bardehle Pagenberg


ğŸšŒ=Trempolino
ğŸš€=Startup & entrepreneurship",ğŸšŒÂ·ğŸš€Â·La RGPD en bd
14/06/18,2:00 PM,14/06/18,2:30 PM,"Maxi, Stereolux",https://web2day.co/evenements/mes-data-sont-a-moi-pour-une-patrimonialite-des-donnees-personnelles/,280,La patrimoinitÃ© des donnÃ©es numÃ©riques,,"Gaspard KOENIG, CEO @GenerationLibre
","La patrimoinitÃ© des donnÃ©es numÃ©riques

													
Gaspard KOENIG, CEO @GenerationLibre


â†”ï¸=Maxi, Stereolux
ğŸ‘=Society & FTW",â†”ï¸Â·ğŸ‘Â·La patrimoinitÃ© des donnÃ©es numÃ©riques
14/06/18,4:20 PM,14/06/18,5:00 PM,Atlanbois,https://web2day.co/evenements/microservices-are-not-worth-the-trouble/,278,Microservices are not Worth the Trouble..??,,"James BIRNIE, Lead Consultant @ThoughtWorks
","Microservices are not Worth the Trouble..??

													
James BIRNIE, Lead Consultant @ThoughtWorks


ğŸŒ³=Atlanbois
ğŸ’»=Tech",ğŸŒ³Â·ğŸ’»Â·Microservices are not Worth the Trouble..??
13/06/18,2:40 PM,13/06/18,3:00 PM,Atlanbois,https://web2day.co/evenements/microservices-to-reduce-ship-emissions/,278,Microservices to reduce ship emissions?,,"Charles-Edouard CADY, Engineer @SIREHNA
","Microservices to reduce ship emissions?

													
Charles-Edouard CADY, Engineer @SIREHNA


ğŸŒ³=Atlanbois
ğŸ’»=Tech",ğŸŒ³Â·ğŸ’»Â·Microservices to reduce ship emissions?
14/06/18,11:00 AM,14/06/18,11:30 AM,Chapitalk,https://web2day.co/evenements/mixite-et-equipe-technique/,278,La mixitÃ© dans la tech : facteur dâ€™innovation et de crÃ©ativitÃ©,,"Dipty CHANDER, CEO @Association E-mma France
","La mixitÃ© dans la tech : facteur dâ€™innovation et de crÃ©ativitÃ©

													
Dipty CHANDER, CEO @Association E-mma France


ğŸª=Chapitalk
ğŸ’»=Tech",ğŸªÂ·ğŸ’»Â·La mixitÃ© dans la tech : facteur dâ€™innovation et de crÃ©ativitÃ©
13/06/18,2:20 PM,13/06/18,3:00 PM,"Micro, Stereolux",https://web2day.co/evenements/mjml-le-nouveau-standard-pour-ecrire-nos-emails/,278,"MJML, le nouveau standard pour Ã©crire nos emails ?",,"Thomas DENEULIN, CTO - Software Engineer @DeliPress - Weglot
","MJML, le nouveau standard pour Ã©crire nos emails ?

													
Thomas DENEULIN, CTO - Software Engineer @DeliPress - Weglot


ğŸ”¬=Micro, Stereolux
ğŸ’»=Tech","ğŸ”¬Â·ğŸ’»Â·MJML, le nouveau standard pour Ã©crire nos emails ?"
14/06/18,5:00 PM,14/06/18,6:00 PM,Trempolino,https://web2day.co/evenements/monetize-and-grow-your-saas/,276,Monetize and grow your SaaS,,"Olivier GODEMENT, Growth and operations @Stripe
","Monetize and grow your SaaS

													
Olivier GODEMENT, Growth and operations @Stripe


ğŸšŒ=Trempolino
ğŸš€=Startup & entrepreneurship",ğŸšŒÂ·ğŸš€Â·Monetize and grow your SaaS
13/06/18,4:40 PM,13/06/18,5:20 PM,"Mediacampus, Forum",https://web2day.co/evenements/my-landing-page-is-better-than-yours/,277,My landing page is better than yours. UX tune.,,"MC CASAL, UX Strategist @Relax In The Air
","My landing page is better than yours. UX tune.

													
MC CASAL, UX Strategist @Relax In The Air


ğŸ“=Mediacampus, Forum
ğŸ’µ=Market, com & media",ğŸ“Â·ğŸ’µÂ·My landing page is better than yours. UX tune.
13/06/18,2:00 PM,13/06/18,2:40 PM,Atlanbois,https://web2day.co/evenements/native-chatbot/,278,Native chatbot,,"JÃ©rÃ©my BOUDIER, Manager & CTO @Expertime
","Native chatbot

													
JÃ©rÃ©my BOUDIER, Manager & CTO @Expertime


ğŸŒ³=Atlanbois
ğŸ’»=Tech",ğŸŒ³Â·ğŸ’»Â·Native chatbot
13/06/18,6:00 PM,13/06/18,6:20 PM,"Maxi, Stereolux",https://web2day.co/evenements/natural-machines-founder-story/,276,Natural Machines : Founder Story,,"Lynette KUCSMA, Co-Founder @Natural Machines
","Natural Machines : Founder Story

													
Lynette KUCSMA, Co-Founder @Natural Machines


â†”ï¸=Maxi, Stereolux
ğŸš€=Startup & entrepreneurship",â†”ï¸Â·ğŸš€Â·Natural Machines : Founder Story
15/06/18,9:40 AM,15/06/18,10:00 AM,Atlanbois,https://web2day.co/evenements/nouveau-paradigme-pour-les-entrepreneurs-atypiques-en-france/,279,Nouveau paradigme pour les entrepreneurs atypiques en France,,"FrÃ©dÃ©ric	VEZON,  CEO @ASPertise
","Nouveau paradigme pour les entrepreneurs atypiques en France

													
FrÃ©dÃ©ric	VEZON,  CEO @ASPertise


ğŸŒ³=Atlanbois
ğŸ’¼=Corporate",ğŸŒ³Â·ğŸ’¼Â·Nouveau paradigme pour les entrepreneurs atypiques en France
14/06/18,2:20 PM,14/06/18,3:00 PM,Atlanbois,https://web2day.co/evenements/one-brain-one-keyboard-one-editor/,278,"One Brain, One Keyboard, One Editor",,"Miroslav Å EDIVÃ, Senior Software Architect @UBIMET GmbH
","One Brain, One Keyboard, One Editor

													
Miroslav Å EDIVÃ, Senior Software Architect @UBIMET GmbH


ğŸŒ³=Atlanbois
ğŸ’»=Tech","ğŸŒ³Â·ğŸ’»Â·One Brain, One Keyboard, One Editor"
15/06/18,2:40 PM,15/06/18,3:20 PM,Atlanbois,https://web2day.co/evenements/open-source-non-assistance-a-ux-en-danger/,332,Open Source : Non-assistance Ã  UX en danger,,"Nicolas VÃ‰RITÃ‰, Founder @Nayego
","Open Source : Non-assistance Ã  UX en danger

													
Nicolas VÃ‰RITÃ‰, Founder @Nayego


ğŸŒ³=Atlanbois
ğŸ–Œ=Design",ğŸŒ³Â·ğŸ–ŒÂ·Open Source : Non-assistance Ã  UX en danger
14/06/18,5:20 PM,14/06/18,5:50 PM,"Maxi, Stereolux",https://web2day.co/evenements/orange-bank/,279,Une grande entreprise peut-elle innover en mode start-up ?,,"Pierre JACOBS, Directeur Orange Ouest @Orange
","Une grande entreprise peut-elle innover en mode start-up ?

													
Pierre JACOBS, Directeur Orange Ouest @Orange


â†”ï¸=Maxi, Stereolux
ğŸ’¼=Corporate",â†”ï¸Â·ğŸ’¼Â·Une grande entreprise peut-elle innover en mode start-up ?
13/06/18,8:45 AM,13/06/18,9:05 AM,"Maxi, Stereolux",https://web2day.co/evenements/ouverture-du-festival-avec-em-sheperd/,280,Ouverture du festival avec EM SHEPERD,,,"Ouverture du festival avec EM SHEPERD

													


â†”ï¸=Maxi, Stereolux
ğŸ‘=Society & FTW",â†”ï¸Â·ğŸ‘Â·Ouverture du festival avec EM SHEPERD
13/06/18,11:40 AM,13/06/18,12:10 PM,Atlanbois,https://web2day.co/evenements/palmares-des-100-meilleures-startups-africaines/,276,PalmarÃ¨s des 100 meilleures startups africaines,,"Christian KAMAYOU, CEO @MyAfricanStartUp
","PalmarÃ¨s des 100 meilleures startups africaines

													
Christian KAMAYOU, CEO @MyAfricanStartUp


ğŸŒ³=Atlanbois
ğŸš€=Startup & entrepreneurship",ğŸŒ³Â·ğŸš€Â·PalmarÃ¨s des 100 meilleures startups africaines
13/06/18,12:00 PM,13/06/18,12:30 PM,"Micro, Stereolux",https://web2day.co/evenements/passer-du-closed-code-a-lopen-source/,278,Passer du closed code Ã  lâ€™open source,,"Wadeck FOLLONIER, Security Software Engineer @CloudBees
","Passer du closed code Ã  lâ€™open source

													
Wadeck FOLLONIER, Security Software Engineer @CloudBees


ğŸ”¬=Micro, Stereolux
ğŸ’»=Tech",ğŸ”¬Â·ğŸ’»Â·Passer du closed code Ã  lâ€™open source
15/06/18,2:00 PM,15/06/18,2:40 PM,"Mediacampus, Forum",https://web2day.co/evenements/pourquoi-securiser-et-maitriser-les-collectes-de-datas-sur-mobile/,280,Pourquoi sÃ©curiser et maÃ®triser les collectes de datas sur mobile,,"Esther ONFROY, Founder @Exodus Privacy
","Pourquoi sÃ©curiser et maÃ®triser les collectes de datas sur mobile

													
Esther ONFROY, Founder @Exodus Privacy


ğŸ“=Mediacampus, Forum
ğŸ‘=Society & FTW",ğŸ“Â·ğŸ‘Â·Pourquoi sÃ©curiser et maÃ®triser les collectes de datas sur mobile
13/06/18,2:00 PM,13/06/18,3:30 PM,Trempolino,https://web2day.co/evenements/presenter-les-missions-et-les-positions-du-designer-digital-dans-les-organisations-du-type-startup-ou-grande-entreprise/,332,Quelles missions et fonctions du design digital dans les startups et les entreprises en transformation numÃ©rique ?,,"Fabien RATIER, Senior Art Director @Niji
Jean Luc BARASSARD, CEO entreprise strategie @L'Ã‰cole de design nantes Atlantique 
","Quelles missions et fonctions du design digital dans les startups et les entreprises en transformation numÃ©rique ?

													
Fabien RATIER, Senior Art Director @Niji
Jean Luc BARASSARD, CEO entreprise strategie @L'Ã‰cole de design nantes Atlantique 


ğŸšŒ=Trempolino
ğŸ–Œ=Design",ğŸšŒÂ·ğŸ–ŒÂ·Quelles missions et fonctions du design digital dans les startups et les entreprises en transformation numÃ©rique ?
13/06/18,11:30 AM,13/06/18,12:00 PM,"Micro, Stereolux",https://web2day.co/evenements/privacy-by-design/,278,Privacy by design,,"Matthias DUGUÃ‰, Tech Evangelist @alwaysdata
","Privacy by design

													
Matthias DUGUÃ‰, Tech Evangelist @alwaysdata


ğŸ”¬=Micro, Stereolux
ğŸ’»=Tech",ğŸ”¬Â·ğŸ’»Â·Privacy by design
15/06/18,11:10 AM,15/06/18,11:50 AM,"Micro, Stereolux",https://web2day.co/evenements/progressive-web-app-en-pratique/,278,Progressive Web App en pratique,,"Guillaume PONÃ‡ON, CTO @non.li
","Progressive Web App en pratique

													
Guillaume PONÃ‡ON, CTO @non.li


ğŸ”¬=Micro, Stereolux
ğŸ’»=Tech",ğŸ”¬Â·ğŸ’»Â·Progressive Web App en pratique
14/06/18,5:40 PM,14/06/18,6:20 PM,"Micro, Stereolux",https://web2day.co/evenements/quality-mentality/,332,Quality Mentality,,"Silviya IVANOVA KRASTEVA, QA & Testing Responsible @AB Tasty
","Quality Mentality

													
Silviya IVANOVA KRASTEVA, QA & Testing Responsible @AB Tasty


ğŸ”¬=Micro, Stereolux
ğŸ–Œ=Design",ğŸ”¬Â·ğŸ–ŒÂ·Quality Mentality
14/06/18,2:00 PM,14/06/18,2:20 PM,Atlanbois,https://web2day.co/evenements/quand-un-langage-de-data-science-se-met-a-faire-du-web/,278,Quand un langage de data science se met Ã  faire du web,,"Colin FAY, Data Analyst @ThinkR
","Quand un langage de data science se met Ã  faire du web

													
Colin FAY, Data Analyst @ThinkR


ğŸŒ³=Atlanbois
ğŸ’»=Tech",ğŸŒ³Â·ğŸ’»Â·Quand un langage de data science se met Ã  faire du web
14/06/18,11:45 AM,14/06/18,12:30 PM,"Micro, Stereolux",https://web2day.co/evenements/rebondir-sur-lechec-lart-de-faire-de-nos-revers-des-coups-gagnants/,276,Rebondir sur lâ€™Ã©chec : Lâ€™art de faire de nos revers des coups gagnants,,"Fred COLANTONIO, Founder @CGroup Communication SPRL
","Rebondir sur lâ€™Ã©chec : Lâ€™art de faire de nos revers des coups gagnants

													
Fred COLANTONIO, Founder @CGroup Communication SPRL


ğŸ”¬=Micro, Stereolux
ğŸš€=Startup & entrepreneurship",ğŸ”¬Â·ğŸš€Â·Rebondir sur lâ€™Ã©chec : Lâ€™art de faire de nos revers des coups gagnants
14/06/18,5:40 PM,14/06/18,6:20 PM,Atlanbois,https://web2day.co/evenements/redecouvrir-lunivers-connu-avec-le-dataset-de-la-nasa/,278,RedÃ©couvrir lâ€™univers connu avec le dataset de la NASA,,"Horacio GONZALES, DevRel @OVH
","RedÃ©couvrir lâ€™univers connu avec le dataset de la NASA

													
Horacio GONZALES, DevRel @OVH


ğŸŒ³=Atlanbois
ğŸ’»=Tech",ğŸŒ³Â·ğŸ’»Â·RedÃ©couvrir lâ€™univers connu avec le dataset de la NASA
15/06/18,2:00 PM,15/06/18,2:40 PM,Trempolino,https://web2day.co/evenements/rendez-vous-avec-le-trade-marketing-2-0/,277,Rendez-vous avec le Trade Marketing 2.0,,"Alexandre MAHÃ‰, Head of Media @FABERNOVEL DATA & MEDIA
Laurent BLASSIN, Senior Marketing Strategist @Fabernovel Data&Media
","Rendez-vous avec le Trade Marketing 2.0

													
Alexandre MAHÃ‰, Head of Media @FABERNOVEL DATA & MEDIA
Laurent BLASSIN, Senior Marketing Strategist @Fabernovel Data&Media


ğŸšŒ=Trempolino
ğŸ’µ=Market, com & media",ğŸšŒÂ·ğŸ’µÂ·Rendez-vous avec le Trade Marketing 2.0
15/06/18,2:00 PM,15/06/18,2:40 PM,Atlanbois,https://web2day.co/evenements/rendre-visible-linvisible/,332,Rendre visible lâ€™invisible,,"Ludovic RIFFAULT, Datavisualization designer @Dataveyes
","Rendre visible lâ€™invisible

													
Ludovic RIFFAULT, Datavisualization designer @Dataveyes


ğŸŒ³=Atlanbois
ğŸ–Œ=Design",ğŸŒ³Â·ğŸ–ŒÂ·Rendre visible lâ€™invisible
13/06/18,11:20 AM,13/06/18,12:00 PM,"Maxi, Stereolux",https://web2day.co/evenements/retour-sur-wonderleon/,276,Talents internationaux : ClÃ© du dÃ©veloppement,,"Najette FELLACHE, CEO @Speachme 
Julien HERVOUÃ‹T, CEO @iAdvize
FrÃ©dÃ©ric MAZZELLA, President, Founder  @Blablacar
","Talents internationaux : ClÃ© du dÃ©veloppement

													
Najette FELLACHE, CEO @Speachme 
Julien HERVOUÃ‹T, CEO @iAdvize
FrÃ©dÃ©ric MAZZELLA, President, Founder  @Blablacar


â†”ï¸=Maxi, Stereolux
ğŸš€=Startup & entrepreneurship",â†”ï¸Â·ğŸš€Â·Talents internationaux : ClÃ© du dÃ©veloppement
14/06/18,2:00 PM,14/06/18,2:40 PM,"Mediacampus, Forum",https://web2day.co/evenements/rex-de-20-minutes-sur-le-seo-et-les-medias/,277,"De lâ€™agence ecommerce Ã  lâ€™annonceur presse, retour dâ€™expÃ©rience sur une annÃ©e SEO chez 20 Minutes",,"FranÃ§ois MOREAU, Responsable SEO  @20 Minutes
","De lâ€™agence ecommerce Ã  lâ€™annonceur presse, retour dâ€™expÃ©rience sur une annÃ©e SEO chez 20 Minutes

													
FranÃ§ois MOREAU, Responsable SEO  @20 Minutes


ğŸ“=Mediacampus, Forum
ğŸ’µ=Market, com & media","ğŸ“Â·ğŸ’µÂ·De lâ€™agence ecommerce Ã  lâ€™annonceur presse, retour dâ€™expÃ©rience sur une annÃ©e SEO chez 20 Minutes"
13/06/18,3:00 PM,13/06/18,4:00 PM,"Maxi, Stereolux",https://web2day.co/evenements/robotique-droit-et-ethique/,276,Lâ€™intelligence artificielle est-elle une personne comme les autres ?,,"Florian SIMON, Regional Delegate @INPI
Nathalie NEVEJANS, Founder of Robotics Legal Consulting @Robotics Legal Consulting
David SADEK, co-president, recherche, technology et innovation @Thales
","Lâ€™intelligence artificielle est-elle une personne comme les autres ?

													
Florian SIMON, Regional Delegate @INPI
Nathalie NEVEJANS, Founder of Robotics Legal Consulting @Robotics Legal Consulting
David SADEK, co-president, recherche, technology et innovation @Thales


â†”ï¸=Maxi, Stereolux
ğŸš€=Startup & entrepreneurship",â†”ï¸Â·ğŸš€Â·Lâ€™intelligence artificielle est-elle une personne comme les autres ?
15/06/18,9:40 AM,15/06/18,10:20 AM,"Mediacampus, Forum",https://web2day.co/evenements/saisonnalite-etre-visible-en-seo-pendant-un-marronnier/,277,SaisonnalitÃ© : Ãªtre visible en SEO pendant un marronnier,,"Antoine CHOLIN, SEO Specialist @Fabernovel Data & Media
","SaisonnalitÃ© : Ãªtre visible en SEO pendant un marronnier

													
Antoine CHOLIN, SEO Specialist @Fabernovel Data & Media


ğŸ“=Mediacampus, Forum
ğŸ’µ=Market, com & media",ğŸ“Â·ğŸ’µÂ·SaisonnalitÃ© : Ãªtre visible en SEO pendant un marronnier
13/06/18,5:20 PM,13/06/18,6:00 PM,"Mediacampus, Forum",https://web2day.co/evenements/seo-mesurer-la-vitesse-des-sites/,277,SEO : Mesurer la vitesse des sites,,"Madeline PINTHON, Consultant SEO @iProspect
","SEO : Mesurer la vitesse des sites

													
Madeline PINTHON, Consultant SEO @iProspect


ğŸ“=Mediacampus, Forum
ğŸ’µ=Market, com & media",ğŸ“Â·ğŸ’µÂ·SEO : Mesurer la vitesse des sites
15/06/18,9:00 AM,15/06/18,9:40 AM,"Mediacampus, Forum",https://web2day.co/evenements/seo-monetisation-deco-fr/,277,SEO & MonÃ©tisation DÃ©co.fr,,"Alexandre THURIOT, SEO Architect @M6 Web
","SEO & MonÃ©tisation DÃ©co.fr

													
Alexandre THURIOT, SEO Architect @M6 Web


ğŸ“=Mediacampus, Forum
ğŸ’µ=Market, com & media",ğŸ“Â·ğŸ’µÂ·SEO & MonÃ©tisation DÃ©co.fr
13/06/18,6:20 PM,13/06/18,7:00 PM,"Micro, Stereolux",https://web2day.co/evenements/sextech-for-good/,276,SexTech For Good,,"Christel LE COQ, Founder @Sextech for better
","SexTech For Good

													
Christel LE COQ, Founder @Sextech for better


ğŸ”¬=Micro, Stereolux
ğŸš€=Startup & entrepreneurship",ğŸ”¬Â·ğŸš€Â·SexTech For Good
13/06/18,5:30 PM,13/06/18,6:00 PM,Chapitalk,https://web2day.co/evenements/shine-founders-story/,276,Shine : Founder story,,"Nicolas REBOUD, CEO @Shine
","Shine : Founder story

													
Nicolas REBOUD, CEO @Shine


ğŸª=Chapitalk
ğŸš€=Startup & entrepreneurship",ğŸªÂ·ğŸš€Â·Shine : Founder story
13/06/18,4:20 PM,13/06/18,5:00 PM,Atlanbois,https://web2day.co/evenements/smart-import-solution-pour-le-typage-automatique-de-donnees-textuelles/,278,Smart Import : solution pour le typage automatique de donnÃ©es textuelles,,"BÃ©rengÃ¨re MATHIEU, Data scientist @Makina Corpus
","Smart Import : solution pour le typage automatique de donnÃ©es textuelles

													
BÃ©rengÃ¨re MATHIEU, Data scientist @Makina Corpus


ğŸŒ³=Atlanbois
ğŸ’»=Tech",ğŸŒ³Â·ğŸ’»Â·Smart Import : solution pour le typage automatique de donnÃ©es textuelles
13/06/18,6:00 PM,13/06/18,6:30 PM,Atlanbois,https://web2day.co/evenements/special-relationships-with-3-iot-startups/,278,Special relationships with 3 IoT startups,,"Thierry GAILLET, Developer advocate @Orange
","Special relationships with 3 IoT startups

													
Thierry GAILLET, Developer advocate @Orange


ğŸŒ³=Atlanbois
ğŸ’»=Tech",ğŸŒ³Â·ğŸ’»Â·Special relationships with 3 IoT startups
15/06/18,11:30 AM,15/06/18,11:50 AM,Atlanbois,https://web2day.co/evenements/start-ups-et-culture-design/,276,Start-ups et culture-design,,"Olivier RAMEL, CEO @KYMONO
","Start-ups et culture-design

													
Olivier RAMEL, CEO @KYMONO


ğŸŒ³=Atlanbois
ğŸš€=Startup & entrepreneurship",ğŸŒ³Â·ğŸš€Â·Start-ups et culture-design
14/06/18,3:00 PM,14/06/18,3:40 PM,Atlanbois,https://web2day.co/evenements/stream-processing-et-sql/,278,Stream processing et SQL,,"Bruno BONNIN, Solution architect @Saagie
","Stream processing et SQL

													
Bruno BONNIN, Solution architect @Saagie


ğŸŒ³=Atlanbois
ğŸ’»=Tech",ğŸŒ³Â·ğŸ’»Â·Stream processing et SQL
15/06/18,9:00 AM,15/06/18,9:40 AM,"Maxi, Stereolux",https://web2day.co/evenements/streaming-et-le-porno/,277,Le porno Ã  lâ€™Ã¨re du streaming gratuit,,"Stephen DES AULNOIS, CEO @Le Tag Parfait
","Le porno Ã  lâ€™Ã¨re du streaming gratuit

													
Stephen DES AULNOIS, CEO @Le Tag Parfait


â†”ï¸=Maxi, Stereolux
ğŸ’µ=Market, com & media",â†”ï¸Â·ğŸ’µÂ·Le porno Ã  lâ€™Ã¨re du streaming gratuit
15/06/18,11:00 AM,15/06/18,11:40 AM,Chapitalk,https://web2day.co/evenements/talking-to-alexa/,278,Talking to Alexa,,"Suryansh TIBAREWALA, Graduate Developer @Booking.com
","Talking to Alexa

													
Suryansh TIBAREWALA, Graduate Developer @Booking.com


ğŸª=Chapitalk
ğŸ’»=Tech",ğŸªÂ·ğŸ’»Â·Talking to Alexa
14/06/18,10:10 AM,14/06/18,11:20 AM,"Mediacampus, Forum",https://web2day.co/evenements/tech-for-good/,280,Tech for good,,"Romain SAILLET, CEO @Story Tailor
Anthony BABKINE, CEO @Diversidays
Joanna KIRK, MD / Cofounder @StartHer / Startup Sesame
Martin BESSON, CEO @Sans A_
Simon ROBIC, Product Marketing Manager @iAdvize
","Tech for good

													
Romain SAILLET, CEO @Story Tailor
Anthony BABKINE, CEO @Diversidays
Joanna KIRK, MD / Cofounder @StartHer / Startup Sesame
Martin BESSON, CEO @Sans A_
Simon ROBIC, Product Marketing Manager @iAdvize


ğŸ“=Mediacampus, Forum
ğŸ‘=Society & FTW",ğŸ“Â·ğŸ‘Â·Tech for good
15/06/18,10:30 AM,15/06/18,10:50 AM,Atlanbois,https://web2day.co/evenements/techpreneur-at-55-my-retirement-plan/,276,Technopreneur at 55 â€“ My Retirement Plan,,"Pratik GHOSH, Founder and CEO @Add Value Technology (JUSTORI)
","Technopreneur at 55 â€“ My Retirement Plan

													
Pratik GHOSH, Founder and CEO @Add Value Technology (JUSTORI)


ğŸŒ³=Atlanbois
ğŸš€=Startup & entrepreneurship",ğŸŒ³Â·ğŸš€Â·Technopreneur at 55 â€“ My Retirement Plan
13/06/18,6:20 PM,13/06/18,7:00 PM,"Maxi, Stereolux",https://web2day.co/evenements/tendances-visuelles-comment-se-demarquer-en-2018/,277,Tendances Visuelles : Comment se dÃ©marquer en 2018 ?,,"StÃ©phane DUSSARPS, Head of Region  @Getty Images
Pierre PEYBERNES, Head of Region @Getty Images
","Tendances Visuelles : Comment se dÃ©marquer en 2018 ?

													
StÃ©phane DUSSARPS, Head of Region  @Getty Images
Pierre PEYBERNES, Head of Region @Getty Images


â†”ï¸=Maxi, Stereolux
ğŸ’µ=Market, com & media",â†”ï¸Â·ğŸ’µÂ·Tendances Visuelles : Comment se dÃ©marquer en 2018 ?
14/06/18,9:00 AM,14/06/18,9:30 AM,"Mediacampus, Forum",https://web2day.co/evenements/the-end-of-massive-advertising-welcome-in-the-conversation-era/,277,The end of massive advertising: welcome in the conversation era,,"Simon ROBIC, Product Marketing Manager @iAdvize
","The end of massive advertising: welcome in the conversation era

													
Simon ROBIC, Product Marketing Manager @iAdvize


ğŸ“=Mediacampus, Forum
ğŸ’µ=Market, com & media",ğŸ“Â·ğŸ’µÂ·The end of massive advertising: welcome in the conversation era
13/06/18,10:05 AM,13/06/18,10:35 AM,"Maxi, Stereolux",https://web2day.co/evenements/the-french-futurist/,276,Homo Deus ou le syndrome peter pan,,"Jean-Christophe BONIS, Founder & CEO @Oxymore Inc
","Homo Deus ou le syndrome peter pan

													
Jean-Christophe BONIS, Founder & CEO @Oxymore Inc


â†”ï¸=Maxi, Stereolux
ğŸš€=Startup & entrepreneurship",â†”ï¸Â·ğŸš€Â·Homo Deus ou le syndrome peter pan
15/06/18,9:00 AM,15/06/18,9:40 AM,Atlanbois,https://web2day.co/evenements/the-good-the-bad-and-the-ugly-about-employee-engagement-at-work/,279,"The good, the bad and the ugly about employee engagement at work",,"Kevin BOURGEOIS, CEO @Supermood
","The good, the bad and the ugly about employee engagement at work

													
Kevin BOURGEOIS, CEO @Supermood


ğŸŒ³=Atlanbois
ğŸ’¼=Corporate","ğŸŒ³Â·ğŸ’¼Â·The good, the bad and the ugly about employee engagement at work"
13/06/18,5:20 PM,13/06/18,6:20 PM,"Micro, Stereolux",https://web2day.co/evenements/theatre-sur-le-rgpd/,276,Le procÃ¨s de la data en mode speed dating â€“ Coupable ou non coupable ?Â ,,"Marie-Pierre Lâ€™HOPITALIER, Associate lawyer @PARTHEMA Avocats
Samuel OUDIN, Agitator @Datamaniaques
Jean Lou RACINE, President @DATAMANIAQUES
","Le procÃ¨s de la data en mode speed dating â€“ Coupable ou non coupable ?Â 

													
Marie-Pierre Lâ€™HOPITALIER, Associate lawyer @PARTHEMA Avocats
Samuel OUDIN, Agitator @Datamaniaques
Jean Lou RACINE, President @DATAMANIAQUES


ğŸ”¬=Micro, Stereolux
ğŸš€=Startup & entrepreneurship",ğŸ”¬Â·ğŸš€Â·Le procÃ¨s de la data en mode speed dating â€“ Coupable ou non coupable ?Â 
14/06/18,11:30 AM,14/06/18,12:30 PM,Trempolino,https://web2day.co/evenements/think-build-succeed-ou-le-parcours-client-reinvente-en-7-jours-ouvres-pour-votre-metier/,279,"Think, build & succeedâ€¦ ou le parcours client rÃ©inventÃ© en 7 jours (ouvrÃ©s) pour votre mÃ©tier !",,,"Think, build & succeedâ€¦ ou le parcours client rÃ©inventÃ© en 7 jours (ouvrÃ©s) pour votre mÃ©tier !

													


ğŸšŒ=Trempolino
ğŸ’¼=Corporate","ğŸšŒÂ·ğŸ’¼Â·Think, build & succeedâ€¦ ou le parcours client rÃ©inventÃ© en 7 jours (ouvrÃ©s) pour votre mÃ©tier !"
14/06/18,3:30 PM,14/06/18,4:00 PM,"Maxi, Stereolux",https://web2day.co/evenements/think-like-a-startup-dont-act-like-one/,276,Pensez comme les startups. Nâ€™agissez pas comme elles.,,"Oscar KNEPPERS, Founder @Rockstart
","Pensez comme les startups. Nâ€™agissez pas comme elles.

													
Oscar KNEPPERS, Founder @Rockstart


â†”ï¸=Maxi, Stereolux
ğŸš€=Startup & entrepreneurship",â†”ï¸Â·ğŸš€Â·Pensez comme les startups. Nâ€™agissez pas comme elles.
14/06/18,5:20 PM,14/06/18,6:00 PM,Chapitalk,https://web2day.co/evenements/un-cto-paie-toujours-ses-dettes/,278,Un CTO paie toujours ses dettes,,"HervÃ© LOURDIN, CTO / Co-CEO @Videdressing
","Un CTO paie toujours ses dettes

													
HervÃ© LOURDIN, CTO / Co-CEO @Videdressing


ğŸª=Chapitalk
ğŸ’»=Tech",ğŸªÂ·ğŸ’»Â·Un CTO paie toujours ses dettes
14/06/18,5:00 PM,14/06/18,5:40 PM,Atlanbois,https://web2day.co/evenements/un-si-durable/,278,Un SI durable,,"Jean-Philippe GOUIGOUX, CTO @MGDIS
","Un SI durable

													
Jean-Philippe GOUIGOUX, CTO @MGDIS


ğŸŒ³=Atlanbois
ğŸ’»=Tech",ğŸŒ³Â·ğŸ’»Â·Un SI durable
13/06/18,11:50 AM,13/06/18,12:30 PM,Chapitalk,https://web2day.co/evenements/using-jobs-to-be-done/,332,Using Jobs-To-Be-Done,,"Steph TROETH, Strategist / Researcher
","Using Jobs-To-Be-Done

													
Steph TROETH, Strategist / Researcher


ğŸª=Chapitalk
ğŸ–Œ=Design",ğŸªÂ·ğŸ–ŒÂ·Using Jobs-To-Be-Done
13/06/18,9:35 AM,13/06/18,10:05 AM,"Maxi, Stereolux",https://web2day.co/evenements/utopie-numerique-transhumanisme-ou-hyperhumanisme-mythes-illusions-et-diversions/,280,"Utopie numÃ©rique. Transhumanisme ou hyperhumanisme, mythes, illusions et diversions.",,"Sandrine ROUDAUT, Co Founder @AlternitÃ©
","Utopie numÃ©rique. Transhumanisme ou hyperhumanisme, mythes, illusions et diversions.

													
Sandrine ROUDAUT, Co Founder @AlternitÃ©


â†”ï¸=Maxi, Stereolux
ğŸ‘=Society & FTW","â†”ï¸Â·ğŸ‘Â·Utopie numÃ©rique. Transhumanisme ou hyperhumanisme, mythes, illusions et diversions."
14/06/18,5:10 PM,14/06/18,6:10 PM,"Mediacampus, Forum",https://web2day.co/evenements/vers-une-mobilite-responsable-les-enjeux-de-la-voiture-connectee/,280,Vers une mobilitÃ© responsable : les enjeux de la voiture connectÃ©e,,"Julien HUE, Responsible car program manager @GROUPE MACIF
Eric ESPINASSE, COO @CARFIT
StÃ©phane SCHULTZ, Founder @15marches
Luc BELOT, General director @RÃ©alitÃ©s HUB5 - Innovation et grands projets urbains
","Vers une mobilitÃ© responsable : les enjeux de la voiture connectÃ©e

													
Julien HUE, Responsible car program manager @GROUPE MACIF
Eric ESPINASSE, COO @CARFIT
StÃ©phane SCHULTZ, Founder @15marches
Luc BELOT, General director @RÃ©alitÃ©s HUB5 - Innovation et grands projets urbains


ğŸ“=Mediacampus, Forum
ğŸ‘=Society & FTW",ğŸ“Â·ğŸ‘Â·Vers une mobilitÃ© responsable : les enjeux de la voiture connectÃ©e
14/06/18,2:30 PM,14/06/18,3:00 PM,Chapitalk,https://web2day.co/evenements/vis-ma-vie-de-cto/,278,Vis ma vie de CTO,,"Mathilde LEMÃ‰E, CTO @Jolimoi
","Vis ma vie de CTO

													
Mathilde LEMÃ‰E, CTO @Jolimoi


ğŸª=Chapitalk
ğŸ’»=Tech",ğŸªÂ·ğŸ’»Â·Vis ma vie de CTO
13/06/18,2:30 PM,13/06/18,3:00 PM,Chapitalk,https://web2day.co/evenements/voiture-autonome-ca-nexistera-pas/,280,Ne me parlez plus de voiture autonome !,,"StÃ©phane SCHULTZ, Founder @15marches
","Ne me parlez plus de voiture autonome !

													
StÃ©phane SCHULTZ, Founder @15marches


ğŸª=Chapitalk
ğŸ‘=Society & FTW",ğŸªÂ·ğŸ‘Â·Ne me parlez plus de voiture autonome !
14/06/18,5:10 PM,14/06/18,6:10 PM,"Mediacampus, Forum",https://web2day.co/evenements/voitures-connectes-maintenance-des-voitures/,280,"Voitures connectÃ©s, maintenance des voitures",,"Eric ESPINASSE, COO @CARFIT
StÃ©phane SCHULTZ, Founder @15marches
Luc BELOT, General director @RÃ©alitÃ©s HUB5 - Innovation et grands projets urbains
","Voitures connectÃ©s, maintenance des voitures

													
Eric ESPINASSE, COO @CARFIT
StÃ©phane SCHULTZ, Founder @15marches
Luc BELOT, General director @RÃ©alitÃ©s HUB5 - Innovation et grands projets urbains


ğŸ“=Mediacampus, Forum
ğŸ‘=Society & FTW","ğŸ“Â·ğŸ‘Â·Voitures connectÃ©s, maintenance des voitures"
14/06/18,9:40 AM,14/06/18,10:20 AM,Atlanbois,https://web2day.co/evenements/votre-ci-sous-steroides-avec-le-systeme-dapps-reviews-de-gitlab/,278,Votre CI sous stÃ©roÃ¯des avec le systÃ¨me dâ€™Apps Reviews de GitLab,,"Paul ANDRIEUX, CTO  @Troopers
","Votre CI sous stÃ©roÃ¯des avec le systÃ¨me dâ€™Apps Reviews de GitLab

													
Paul ANDRIEUX, CTO  @Troopers


ğŸŒ³=Atlanbois
ğŸ’»=Tech",ğŸŒ³Â·ğŸ’»Â·Votre CI sous stÃ©roÃ¯des avec le systÃ¨me dâ€™Apps Reviews de GitLab
13/06/18,9:50 AM,13/06/18,10:30 AM,"Mediacampus, Forum",https://web2day.co/evenements/votre-startup-dans-la-main-des-hackers/,277,Votre startup dans la main des hackers,,"Julien GADANHO, CEO @SecureMyData
","Votre startup dans la main des hackers

													
Julien GADANHO, CEO @SecureMyData


ğŸ“=Mediacampus, Forum
ğŸ’µ=Market, com & media",ğŸ“Â·ğŸ’µÂ·Votre startup dans la main des hackers
14/06/18,6:20 PM,14/06/18,7:00 PM,Atlanbois,https://web2day.co/evenements/vuejs-retrouver-le-gout-des-choses-simple/,278,"Vuejs, retrouver le goÃ»t des choses simples",,"GrÃ©gory BÃ‰VAN, Consultant @Zenika
Franck ABGRALL, Consultant @Zenika
","Vuejs, retrouver le goÃ»t des choses simples

													
GrÃ©gory BÃ‰VAN, Consultant @Zenika
Franck ABGRALL, Consultant @Zenika


ğŸŒ³=Atlanbois
ğŸ’»=Tech","ğŸŒ³Â·ğŸ’»Â·Vuejs, retrouver le goÃ»t des choses simples"
15/06/18,9:00 AM,15/06/18,9:40 AM,Chapitalk,https://web2day.co/evenements/webxr-la-realite-mixte-arrive-dans-nos-navigateurs/,278,WebXR : la rÃ©alitÃ© mixte arrive dans nos navigateurs,,"Vincent OGLOBLINSKY, Software Architect @SII Ouest
","WebXR : la rÃ©alitÃ© mixte arrive dans nos navigateurs

													
Vincent OGLOBLINSKY, Software Architect @SII Ouest


ğŸª=Chapitalk
ğŸ’»=Tech",ğŸªÂ·ğŸ’»Â·WebXR : la rÃ©alitÃ© mixte arrive dans nos navigateurs
15/06/18,2:00 PM,15/06/18,2:40 PM,"Micro, Stereolux",https://web2day.co/evenements/what-ive-learned-after-reading-the-source-code-of-angular/,278,What Iâ€™ve learned after reading the source code ofâ€¦ Angular,,"Emmanuel DEMEY, CTO @Zenika
","What Iâ€™ve learned after reading the source code ofâ€¦ Angular

													
Emmanuel DEMEY, CTO @Zenika


ğŸ”¬=Micro, Stereolux
ğŸ’»=Tech",ğŸ”¬Â·ğŸ’»Â·What Iâ€™ve learned after reading the source code ofâ€¦ Angular
13/06/18,10:25 AM,13/06/18,10:55 AM,Trempolino,https://web2day.co/evenements/what-the-fuck-is-storytelling/,277,Simple nâ€™est pas stupide,,"Thierry CROIX, Storyteller & Simplifyer  @Go2nextlevels
","Simple nâ€™est pas stupide

													
Thierry CROIX, Storyteller & Simplifyer  @Go2nextlevels


ğŸšŒ=Trempolino
ğŸ’µ=Market, com & media",ğŸšŒÂ·ğŸ’µÂ·Simple nâ€™est pas stupide
15/06/18,2:00 PM,15/06/18,2:50 PM,Chapitalk,https://web2day.co/evenements/who-are-estonias-e-residents-should-you-become-one/,276,Who are estoniaâ€™s e-residents ? Should you become one ?,,"Arnaud CASTAIGNET, Head of Public Relations @e-Residency, Government of Estonia
Anna PIPERAL, Managing Director @Enterprise Estonia
Yann HEURTAUX, Founding Member & Lead Concierge @La Serre
","Who are estoniaâ€™s e-residents ? Should you become one ?

													
Arnaud CASTAIGNET, Head of Public Relations @e-Residency, Government of Estonia
Anna PIPERAL, Managing Director @Enterprise Estonia
Yann HEURTAUX, Founding Member & Lead Concierge @La Serre


ğŸª=Chapitalk
ğŸš€=Startup & entrepreneurship",ğŸªÂ·ğŸš€Â·Who are estoniaâ€™s e-residents ? Should you become one ?
14/06/18,10:20 AM,14/06/18,11:00 AM,Chapitalk,https://web2day.co/evenements/why-and-how-bookkeepers-fucked-up-it/,278,Why and how bookkeepers fucked up IT,,"Quentin ADAM, CEO @Clever Cloud
","Why and how bookkeepers fucked up IT

													
Quentin ADAM, CEO @Clever Cloud


ğŸª=Chapitalk
ğŸ’»=Tech",ğŸªÂ·ğŸ’»Â·Why and how bookkeepers fucked up IT
13/06/18,11:10 AM,13/06/18,11:50 AM,Chapitalk,https://web2day.co/evenements/why-voice-will-make-or-break-your-brands-reputation/,332,Why Voice will make or break your brandâ€™s reputation,,"Maaike DUFOUR, Voice User Interface Designer @MD Design
","Why Voice will make or break your brandâ€™s reputation

													
Maaike DUFOUR, Voice User Interface Designer @MD Design


ğŸª=Chapitalk
ğŸ–Œ=Design",ğŸªÂ·ğŸ–ŒÂ·Why Voice will make or break your brandâ€™s reputation
13/06/18,2:00 PM,13/06/18,3:00 PM,"Maxi, Stereolux",https://web2day.co/evenements/world-of-drones/,279,World of drones,,"Benjamin LAVAYSSIERE, Pilote @WDR
Laurent	KHONG, CEO @World Drone Racing 
Lexie JANSON, FPV Pilot @InfinitySpin
","World of drones

													
Benjamin LAVAYSSIERE, Pilote @WDR
Laurent	KHONG, CEO @World Drone Racing 
Lexie JANSON, FPV Pilot @InfinitySpin


â†”ï¸=Maxi, Stereolux
ğŸ’¼=Corporate",â†”ï¸Â·ğŸ’¼Â·World of drones
14/06/18,5:00 PM,14/06/18,5:40 PM,"Micro, Stereolux",https://web2day.co/evenements/wtf-is-vr/,332,WTF is VR,,"Sami GUILLERMET, Executive Creative Director @Vr Connection / Freelance
","WTF is VR

													
Sami GUILLERMET, Executive Creative Director @Vr Connection / Freelance


ğŸ”¬=Micro, Stereolux
ğŸ–Œ=Design",ğŸ”¬Â·ğŸ–ŒÂ·WTF is VR
13/06/18,3:00 PM,13/06/18,3:30 PM,Chapitalk,https://web2day.co/evenements/you-only-live-online/,280,You Only Live Online,,"Dries DEPOORTER, Artist working with technology 
","You Only Live Online

													
Dries DEPOORTER, Artist working with technology 


ğŸª=Chapitalk
ğŸ‘=Society & FTW",ğŸªÂ·ğŸ‘Â·You Only Live Online
